"SAMPLE","TREAT","SEDTYP","NiTREAT","pHTREAT","DAY","HOURS","pH","Ni","Fe","TOTAl","TOTFe","TOTMn","TOTNi","ASCNi","ASCAl","ASCFe","ASCMn","DITNi","DITAl","DITFe","DITMn","CrysFe","CrysNi","PAmFe","PAmNi","PCrysFe","PCrysNi","POxidMn","LOI","Km","Dry.mass","Niadd","Nisorb"
"Tinkers-Ni2-pH5-d0","SED","TK","0.5","5",0,1.3,NA,473.04,22.2,3678.48,13241.64,481.56,9.87,0.66,121.72,3021.93,206.4,2.52,704.18,9118.9,335.88,6096.966,1.859,0.228,0.066,0.689,0.255,0.697,3.08,27.1,54.6,51.96,-0.1
"Tinkers-Ni10-pH5-d0","SED","TK","2","5",0,1.3,NA,2173.39,15.5,3589.77,12865.53,483.02,9.08,1.58,112.42,2599.23,167.91,2.11,625.59,7630.98,297.77,5031.751,0.536,0.202,0.174,0.593,0.233,0.616,3.08,16.4,54.6,226.8,-0.6
"Tinkers-Ni25-pH5-d0","SED","TK","5","5",0,1.3,NA,5161.07,19.09,3629.07,13107.36,466.71,11.93,0.75,115.46,2918.65,203.07,2.72,644.16,8211.5,326.37,5292.854,1.964,0.223,0.063,0.626,0.228,0.699,3.08,2.9,54.6,549.6,-1.3
"Tinkers-Ni2-pH7-d0","SED","TK","0.5","7",0,1.3,NA,464.56,-0.26,3596.46,13212.01,536.05,9.44,0.96,126.42,3467.14,255.97,2.33,584.53,8125.59,370.19,4658.454,1.37,0.262,0.102,0.615,0.247,0.691,3.08,35,54.6,51.96,-0.1
"Tinkers-Ni10-pH7-d0","SED","TK","2","7",0,1.3,NA,2232.46,-0.26,3593.72,12917.23,521.4,9.35,1.81,125.55,3213.2,231.03,2.33,588.1,8485.45,366.44,5272.25,0.515,0.249,0.194,0.657,0.249,0.703,3.08,14.8,54.6,226.8,-0.8
"Tinkers-Ni25-pH7-d0","SED","TK","5","7",0,1.3,NA,4768.77,-0.26,3505.9,13234.84,581.9,10.18,1.37,121.22,3364.25,244.89,3.19,572.43,7980.75,348.22,4616.496,1.826,0.254,0.134,0.603,0.313,0.598,3.08,5,54.6,549.6,-0.4
"Tinkers-Ni2-pH9-d0","SED","TK","0.5","9",0,1.3,NA,334.88,-0.09,3522.97,12774.13,517.25,9.12,0.82,115.42,2764.84,211.25,2.72,675.94,8729.64,398.2,5964.806,1.902,0.216,0.09,0.683,0.299,0.77,3.08,52,54.6,51.96,0.2
"Tinkers-Ni10-pH9-d0","SED","TK","2","9",0,1.3,NA,1360.27,-0.11,3625.62,13231.29,575.63,10.12,1.11,142.1,3538.81,267.03,7.96,738.14,9328.48,431.16,5789.67,6.843,0.267,0.11,0.705,0.787,0.749,3.08,13.5,54.6,226.8,1.2
"Tinkers-Ni25-pH9-d0","SED","TK","5","9",0,1.3,NA,2930.06,-0.08,3435.62,12347.85,493.26,9.98,1.41,110.52,2584.54,199.51,4.04,676.42,8588.73,394.18,6004.191,2.632,0.209,0.141,0.696,0.405,0.799,3.08,10.9,54.6,549.6,3.6
"Tinkers-Ni2-pH5-d1","SED","TK","0.5","5",1,25.5,6.46,377.61,18.63,3479.76,12855.31,460.75,9.13,0.87,117.5,2687.98,201.63,2.78,660.68,8451.29,328.49,5763.315,1.919,0.209,0.095,0.657,0.305,0.713,3.08,50.3,54.6,51.96,0.1
"Tinkers-Ni10-pH5-d1","SED","TK","2","5",1,25.5,6.69,1547.07,7.07,3619.78,13088.15,494.18,11.24,1.46,128.24,3476.11,227.62,3.36,656.02,8649.22,355.24,5173.111,1.908,0.266,0.13,0.661,0.299,0.719,3.08,15.9,54.6,226.8,0.8
"Tinkers-Ni25-pH5-d1","SED","TK","5","5",1,25.5,6.28,4166.88,28.5,3712.3,13687.22,509.77,11.54,5.34,127.99,3453.3,210.1,6.26,707.71,8888.78,348.26,5435.482,0.917,0.252,0.463,0.649,0.542,0.683,3.08,21.8,54.6,549.6,0.9
"Tinkers-Ni2-pH7-d1","SED","TK","0.5","7",1,25.5,7.66,340.61,-0.26,3920.01,14079.71,591.11,12.34,0.92,117.65,3299.36,228.74,2.45,588.54,7048.95,319.44,3749.589,1.535,0.234,0.075,0.501,0.199,0.54,3.08,48,54.6,51.96,0.2
"Tinkers-Ni10-pH7-d1","SED","TK","2","7",1,25.5,7.62,1285.06,-0.25,3764.39,13124.69,538.91,12.7,1.68,121.32,3469.04,260.11,4.3,674.09,8491.88,395.52,5022.839,2.617,0.264,0.133,0.647,0.339,0.734,3.08,22.1,54.6,226.8,1.3
"Tinkers-Ni25-pH7-d1","SED","TK","5","7",1,25.5,7.67,3052.83,-0.27,3937.33,14154.12,612.29,21.25,2.55,119.37,3521.04,261.95,11.81,643.71,8661.28,399.31,5140.243,9.258,0.249,0.12,0.612,0.556,0.652,3.08,13.9,54.6,549.6,3.4
"Tinkers-Ni2-pH9-d1","SED","TK","0.5","9",1,25.5,9.42,218.08,-0.05,3358.43,12044.65,510.31,10.71,0.81,130.75,3078.38,225.81,2.84,690.01,9484.97,424.48,6406.591,2.039,0.256,0.075,0.787,0.266,0.832,3.08,70.8,54.6,51.96,0.5
"Tinkers-Ni10-pH9-d1","SED","TK","2","9",1,25.5,9.42,525.32,-0.05,3240.27,12110.95,509.17,9.8,2.3,118.9,2932.03,220.25,2.96,612.49,8181.09,364.25,5249.052,0.659,0.242,0.235,0.676,0.302,0.715,3.08,87.6,54.6,226.8,3
"Tinkers-Ni25-pH9-d1","SED","TK","5","9",1,25.5,9.41,716.51,-0.05,3739.47,15197.88,612.32,14.84,1.53,128.86,3011.96,234.71,2.65,475.1,7264.35,328.45,4252.392,1.113,0.198,0.103,0.478,0.178,0.536,3.08,41.6,54.6,549.6,8.5
"Tinkers-Ni2-pH5-d4","SED","TK","0.5","5",4,96.9,5.43,329,65.1,3793.07,13549.4,496.52,9.7,0.74,126.35,2625.61,175.28,3.1,677.46,7712.92,302.49,5087.311,2.364,0.194,0.076,0.569,0.32,0.609,3.08,50.3,54.6,51.96,0.2
"Tinkers-Ni10-pH5-d4","SED","TK","2","5",4,96.9,5.48,1335.69,49.01,3557.42,12758.58,451.31,10.76,1.76,121.03,2618.14,183.95,4.19,719.62,8188.18,317.61,5570.036,2.425,0.205,0.164,0.642,0.389,0.704,3.08,29.5,54.6,226.8,1.2
"Tinkers-Ni25-pH5-d4","SED","TK","5","5",4,96.9,5.38,3775.29,57.67,3566.11,12933.6,517.02,10.17,2.77,131.11,2743.48,181.97,3.88,664.62,8475.62,333.97,5732.138,1.103,0.212,0.273,0.655,0.381,0.646,3.08,15.7,54.6,549.6,1.8
"Tinkers-Ni2-pH7-d4","SED","TK","0.5","7",4,96.9,7.81,258.75,-0.24,3550.05,13160,559.42,10.03,1.08,132.01,3762.56,271.39,3.23,651.16,7950.26,359.11,4187.701,2.15,0.286,0.108,0.604,0.322,0.642,3.08,65.1,54.6,51.96,0.4
"Tinkers-Ni10-pH7-d4","SED","TK","2","7",4,96.9,7.79,795.74,-0.25,3534.26,13042.78,536.19,12.01,2.51,142.52,3751.24,276.93,4.4,572.59,7891.16,366.92,4139.927,1.891,0.288,0.209,0.605,0.367,0.684,3.08,49.4,54.6,226.8,2.4
"Tinkers-Ni25-pH7-d4","SED","TK","5","7",4,96.9,7.8,1816.61,-0.24,3769.1,14082.53,586.59,24.54,14.46,130.69,3461.67,258.19,3.45,431,6015.15,311.86,2553.476,-11.004,0.246,0.589,0.427,0.141,0.532,3.08,135,54.6,549.6,6.1
"Tinkers-Ni2-pH9-d4","SED","TK","0.5","9",4,96.9,9.44,148.57,0,3677.29,12908.45,523.12,9.78,1.18,130.94,3151.38,238.58,3.32,703.51,8949.78,407.94,5798.399,2.139,0.244,0.12,0.693,0.339,0.78,3.08,147.9,54.6,51.96,0.6
"Tinkers-Ni10-pH9-d4","SED","TK","2","9",4,96.9,9.41,327.15,-0.09,3634.95,13386.59,517.08,11.03,4.13,139.86,3271.27,255.82,3.56,516.82,7100.93,315.4,3829.667,-0.566,0.244,0.374,0.53,0.323,0.61,3.08,226.5,54.6,226.8,3.4
"Tinkers-Ni25-pH9-d4","SED","TK","5","9",4,96.9,9.43,395.58,-0.01,3663.87,13543.78,541.04,14.48,4.21,136.68,3467.52,257.89,8.29,632.03,9296.1,418.77,5828.581,4.076,0.256,0.291,0.686,0.572,0.774,3.08,180.1,54.6,549.6,9.2
"Tinkers-Ni2-pH5-d7","SED","TK","0.5","5",7,169.5,6.42,NA,71.33,3364.44,12224.75,429.17,9.46,0.77,125.24,2936.34,205.26,2.75,509.37,7844.48,332.84,4908.137,1.987,0.24,0.081,0.642,0.291,0.776,3.08,30.2,54.6,51.96,-0.2
"Tinkers-Ni10-pH5-d7","SED","TK","2","5",7,169.5,6.21,1048.11,60.27,3611.12,12653.47,460.69,11.17,1.89,116.72,2628.06,184.32,3.67,535.65,6534.57,264.12,3906.515,1.782,0.208,0.169,0.516,0.329,0.573,3.08,40.3,54.6,226.8,1.9
"Tinkers-Ni25-pH5-d7","SED","TK","5","5",7,169.5,5.76,3063.96,101.23,4197.79,NA,591.13,21.38,4.04,137.42,3094.27,199.3,5.45,564.17,7478.89,306.83,4384.621,1.407,0.191,0.189,0.461,0.255,0.519,3.08,25,54.6,549.6,3.3
"Tinkers-Ni2-pH7-d7","SED","TK","0.5","7",7,169.5,7.77,250.53,-0.22,3562.59,13368.77,535.1,9.99,0.96,2.64,-237.54,-0.33,2.79,751.51,9380.59,420.16,9618.132,1.828,-0.018,0.096,0.702,0.279,0.785,3.08,NA,54.6,51.96,0.4
"Tinkers-Ni10-pH7-d7","SED","TK","2","7",7,169.5,7.74,699.87,-0.22,3651.24,13503.38,567,13.75,0.79,2.59,-230.27,-0.34,5.26,644.37,8014.16,389.42,8244.434,4.466,-0.017,0.058,0.593,0.382,0.687,3.08,NA,54.6,226.8,2.6
"Tinkers-Ni25-pH7-d7","SED","TK","5","7",7,169.5,7.76,1364.8,-0.23,3640.77,14023.53,559.73,20.49,10.49,140.56,3752.09,280.01,17.77,658.92,8448.79,399.16,4696.7,7.273,0.268,0.512,0.602,0.867,0.713,3.08,120.2,54.6,549.6,7.1
"Tinkers-Ni2-pH9-d7","SED","TK","0.5","9",7,169.5,9.44,131.72,0,3440.62,13290.51,540.41,9.35,0.8,137.15,3226.93,249.46,2.83,604.84,8692.91,392.22,5465.985,2.035,0.243,0.086,0.654,0.303,0.726,3.08,110.5,54.6,51.96,0.7
"Tinkers-Ni10-pH9-d7","SED","TK","2","9",7,169.5,9.44,270.22,0.04,3781.47,12631.13,565.62,11.19,4.82,126.14,3166.67,252.26,8.15,524.39,8391.86,396.75,5225.191,3.334,0.251,0.431,0.664,0.729,0.701,3.08,330.6,54.6,226.8,3.6
"Tinkers-Ni25-pH9-d7","SED","TK","5","9",7,169.5,9.44,396.11,-0.09,3542.8,12586.79,475.5,12.07,4.5,144.63,3530.51,263.74,7.46,622.67,9712.91,416.45,6182.398,2.963,0.28,0.373,0.772,0.618,0.876,3.08,188.9,54.6,549.6,9.2
"Tinkers-Ni2-pH5-d14","SED","TK","0.5","5",14,337.2,4.99,183.19,64.31,3476.52,12014.45,429.97,9.87,0.94,2.76,-247.69,-0.36,2.98,635.65,7974.06,309.9,8221.75,2.047,-0.021,0.095,0.664,0.302,0.721,3.08,NA,54.6,51.96,0.5
"Tinkers-Ni10-pH5-d14","SED","TK","2","5",14,337.2,5.33,723.47,73.73,3408.13,11988.29,420.45,14.49,1.69,142.26,2981.25,201.83,3.91,598.56,7875.22,303.48,4893.967,2.219,0.249,0.117,0.657,0.27,0.722,3.08,46,54.6,226.8,2.6
"Tinkers-Ni25-pH5-d14","SED","TK","5","5",14,337.2,5.56,1702.41,106.3,3302.78,11626.33,406.79,16.91,4.27,122.44,2533.4,168.42,6.27,462.89,6408.47,185.83,3875.072,1.995,0.218,0.253,0.551,0.371,0.457,3.08,58.1,54.6,549.6,6.3
"Tinkers-Ni2-pH7-d14","SED","TK","0.5","7",14,337.2,7.14,203.97,-0.27,3461.02,12578.77,507.89,9.49,1.14,140.82,4285.76,305.55,2.29,434.31,6101.15,253.5,1815.391,1.156,0.341,0.12,0.485,0.242,0.499,3.08,76.5,54.6,51.96,0.5
"Tinkers-Ni10-pH7-d14","SED","TK","2","7",14,337.2,7.15,608.55,-0.26,3580.53,12895.15,532.34,11.53,1.68,131.55,3782.58,282.46,3.33,385.66,6826.64,199.1,3044.064,1.643,0.293,0.146,0.529,0.288,0.374,3.08,42.8,54.6,226.8,2.8
"Tinkers-Ni25-pH7-d14","SED","TK","5","7",14,337.2,7.17,1248.37,-0.27,3487.75,13008.39,531.2,17.67,2.39,148.74,4195.3,310,3.2,149.55,3059.3,108.12,-1135.993,0.813,0.323,0.135,0.235,0.181,0.204,3.08,26.8,54.6,549.6,7.3
"Tinkers-Ni2-pH9-d14","SED","TK","0.5","9",14,337.2,9.45,118.62,0.31,3591.06,13496.77,548.37,9.52,1.28,146.98,3466.75,263.77,2.73,373.93,4915.64,228.8,1448.893,1.447,0.257,0.135,0.364,0.287,0.417,3.08,182.7,54.6,51.96,0.7
"Tinkers-Ni10-pH9-d14","SED","TK","2","9",14,337.2,9.38,260.43,0.46,3589.44,13249.13,548.97,11.24,4.36,137.5,3373.46,260.1,6.2,679.01,8403.94,383.63,5030.481,1.847,0.255,0.388,0.634,0.552,0.699,3.08,291.3,54.6,226.8,3.6
"Tinkers-Ni25-pH9-d14","SED","TK","5","9",14,337.2,9.45,339.98,0.15,3672.84,13507.32,544.17,15.95,10.36,141.07,3276.42,259.34,5.24,698.59,8454.69,395.77,5178.271,-5.116,0.243,0.649,0.626,0.329,0.727,3.08,545.9,54.6,549.6,9.3
"Tinkers-Ni2-pH5-d28","SED","TK","0.5","5",28,673.6,8.44,NA,NA,3691.41,13795.64,549.65,12.63,0.76,130.66,2753.67,182.27,2.96,593.22,6909.49,323.45,4155.822,2.192,0.2,0.06,0.501,0.234,0.588,3.08,564,54.6,51.96,0.9
"Tinkers-Ni10-pH5-d28","SED","TK","2","5",28,673.6,8.36,NA,NA,3644.44,13145.15,502.68,14.26,1.55,141.97,2658.87,185.83,4.94,610.51,6603.5,269.3,3944.627,3.398,0.202,0.108,0.502,0.347,0.536,3.08,766,54.6,226.8,4.1
"Tinkers-Ni25-pH5-d28","SED","TK","5","5",28,673.6,8.33,NA,NA,4105.16,14989.89,623.02,NA,3.07,125.62,2892.42,193.13,3.56,611.5,7991.28,331.4,5098.859,0.484,0.193,0.078,0.533,0.09,0.532,3.08,899.1,54.6,549.6,9.9
"Tinkers-Ni2-pH7-d28","SED","TK","0.5","7",28,673.6,7.61,190.25,-0.23,3351.19,12152.15,486.39,11.4,0.91,136.71,4090.61,289.87,3.57,736.57,9548.49,410.52,5457.885,2.662,0.337,0.08,0.786,0.313,0.844,3.08,68.6,54.6,51.96,0.5
"Tinkers-Ni10-pH7-d28","SED","TK","2","7",28,673.6,7.61,524.75,-0.2,3328.79,12145.44,487.76,13.95,1.76,143.35,4241.11,302.4,6.38,676.27,7799.8,341.02,3558.69,4.616,0.349,0.126,0.642,0.457,0.699,3.08,46.4,54.6,226.8,3
"Tinkers-Ni25-pH7-d28","SED","TK","5","7",28,673.6,7.76,1121.52,-0.14,3310.74,12449.83,473.76,14.87,4.95,135.57,3993.79,269.29,8.7,679.62,8211.07,349,4217.288,3.753,0.321,0.333,0.66,0.585,0.737,3.08,64.9,54.6,549.6,7.6
"Tinkers-Ni2-pH9-d28","SED","TK","0.5","9",28,673.6,9.51,124.5,0.6,3126.65,11302,442.16,9.76,1.1,134.45,3039.22,228.07,4,678.89,8697.8,362.03,5658.589,2.897,0.269,0.113,0.77,0.41,0.819,3.08,170.6,54.6,51.96,0.7
"Tinkers-Ni10-pH9-d28","SED","TK","2","9",28,673.6,9.47,252.39,0.7,3374.93,12121.63,492.77,10.45,2.56,147.24,3392.91,256.03,6.44,674.78,8094.52,360.65,4701.612,3.879,0.28,0.245,0.668,0.617,0.732,3.08,175.5,54.6,226.8,3.6
"Tinkers-Ni25-pH9-d28","SED","TK","5","9",28,673.6,9.48,329.81,0.5,3435.19,12320.76,574.04,14.91,5.75,147.52,3364.28,255.51,3.51,709.79,8451.89,385.55,5087.608,-2.24,0.273,0.386,0.686,0.236,0.672,3.08,304.2,54.6,549.6,9.3
"Plum-Ni0.5-pH5-d0","SED","PM","0.5","5",0,2.9,5.77,390.82,99.83,3288.18,9847.98,274.63,7.71,1.39,138.08,2234.39,113.16,3.22,517.28,6062.26,171.54,3827.868,1.825,0.227,0.181,0.616,0.417,0.625,1.88,93.4,61.6,51.96,0.1
"Plum-Ni2-pH5-d0","SED","PM","2","5",0,2.9,5.69,1586.1,99.41,3148.59,9238.12,194.37,7.55,1.41,139.63,1757.38,96.96,3.38,489.3,5363.93,148.69,3606.552,1.966,0.19,0.187,0.581,0.447,0.765,1.88,29.7,61.6,226.8,0.6
"Plum-Ni5-pH5-d0","SED","PM","5","5",0,2.9,5.69,3589.58,140.57,2866.78,9662.91,258.14,6.81,1.89,103.8,1996.44,112.19,3.46,473.93,5200.87,141.48,3204.426,1.57,0.207,0.278,0.538,0.509,0.548,1.88,15.5,61.6,549.6,1.9
"Plum-Ni0.5-pH7-d0","SED","PM","0.5","7",0,2.9,7.61,493.08,0.24,3150.07,9457.54,316.39,6.8,1.54,120.47,2387.24,146.8,3.21,445.92,5544.24,185.96,3157.005,1.666,0.252,0.227,0.586,0.472,0.588,1.88,76.8,61.6,51.96,-0.1
"Plum-Ni2-pH7-d0","SED","PM","2","7",0,2.9,7.65,1681.74,0.22,3031.55,10507.93,317.15,8.1,1.66,147.17,2827.88,173.27,3.41,544.61,6104.47,222.18,3276.593,1.75,0.269,0.205,0.581,0.421,0.701,1.88,20.5,61.6,226.8,0.4
"Plum-Ni5-pH7-d0","SED","PM","5","7",0,2.9,7.56,4044.53,0.22,2882.39,9711.96,287.7,7.08,1.79,118.8,2317.4,145.19,3.79,442.9,9930.17,219.68,7612.773,1.999,0.239,0.252,1.022,0.534,0.764,1.88,11.2,61.6,549.6,1
"Plum-Ni0.5-pH9-d0","SED","PM","0.5","9",0,2.9,8.83,415.69,0.21,2474.21,8035.28,235.45,6.05,1.7,115.48,2037.47,129.82,3.07,476.41,5543.79,172.99,3506.317,1.367,0.254,0.281,0.69,0.507,0.735,1.88,117.8,61.6,51.96,0
"Plum-Ni2-pH9-d0","SED","PM","2","9",0,2.9,8.82,1507.61,0.21,2608.23,8715.89,259.87,6.75,1.81,112.59,2017.25,131.89,3.86,534.43,6232.18,194.77,4214.93,2.054,0.231,0.268,0.715,0.572,0.749,1.88,34.9,61.6,226.8,0.7
"Plum-Ni5-pH9-d0","SED","PM","5","9",0,2.9,8.83,3759.57,0.21,2612.26,8813.25,267.41,6.71,2.71,107.62,1880.24,123.41,3.04,489.08,5645.17,184.59,3764.928,0.339,0.213,0.403,0.641,0.454,0.69,1.88,22.5,61.6,549.6,1.6
"Plum-Ni0.5-pH5-d1","SED","PM","0.5","5",1,25.8,5.69,428.91,114.14,2791.35,9099.77,222.33,6.56,1.56,128.57,3041.35,121.73,3.06,473.19,5254.72,148.87,2213.369,1.5,0.334,0.237,0.577,0.466,0.67,1.88,70.2,61.6,51.96,0
"Plum-Ni2-pH5-d1","SED","PM","2","5",1,25.8,5.67,1755.49,126.95,2717.58,8546.67,223.07,6.38,1.84,110.84,1888.49,91.74,3.28,495.93,5594.86,165.75,3706.374,1.44,0.221,0.289,0.655,0.515,0.743,1.88,32.6,61.6,226.8,0.3
"Plum-Ni5-pH5-d1","SED","PM","5","5",1,25.8,5.57,3946.2,123.71,2673.31,8912.8,210.68,6.14,1.56,95.94,1761.34,94.4,3.27,424.97,4655.23,133.71,2893.894,1.712,0.198,0.254,0.522,0.533,0.635,1.88,13.2,61.6,549.6,1.2
"Plum-Ni0.5-pH7-d1","SED","PM","0.5","7",1,25.8,7.55,360.62,0.31,2669.75,9296.69,266.49,6.9,1.71,116.95,2334.69,150.72,3.37,503.42,6034.12,191.3,3699.433,1.659,0.251,0.248,0.649,0.489,0.718,1.88,119.2,61.6,51.96,0.1
"Plum-Ni2-pH7-d1","SED","PM","2","7",1,25.8,7.56,1062.57,0.23,2645.17,8769.62,252.89,6.52,2.82,107.14,2229.35,133.69,4.38,489.02,5633.35,189.66,3404.006,1.555,0.254,0.433,0.642,0.671,0.75,1.88,69.9,61.6,226.8,1.6
"Plum-Ni5-pH7-d1","SED","PM","5","7",1,25.8,7.53,2878.01,0.21,2752.95,8905.25,269.75,9.8,3.14,121.43,2322.01,142.35,4.9,471.33,5170.24,178.93,2848.234,1.76,0.261,0.32,0.581,0.5,0.663,1.88,27.6,61.6,549.6,3.3
"Plum-Ni0.5-pH9-d1","SED","PM","0.5","9",1,25.8,8.8,221.19,0.2,2385.41,7947.88,237.57,6.82,1.76,114.82,2106.57,127.41,3.31,467.06,5133.51,172.37,3026.938,1.552,0.265,0.258,0.646,0.485,0.726,1.88,221.7,61.6,51.96,0.4
"Plum-Ni2-pH9-d1","SED","PM","2","9",1,25.8,8.82,801.56,0.21,2497.62,8284.78,244.9,14.61,2.19,117.28,2022.58,126.42,4.71,488.26,5662.81,192.31,3640.233,2.525,0.244,0.15,0.684,0.322,0.785,1.88,79.3,61.6,226.8,2.1
"Plum-Ni5-pH9-d1","SED","PM","5","9",1,25.8,8.82,1589.57,0.21,2936.93,8897.77,277.79,NA,3.08,115.83,1994.57,123.66,5.61,535.26,7092.14,218.74,5097.562,2.536,0.224,0.137,0.797,0.249,0.787,1.88,57,61.6,549.6,5.8
"Plum-Ni0.5-pH5-d4","SED","PM","0.5","5",4,102.9,5.71,394.33,91.73,2538.3,8538.4,207.37,6.16,1.72,109.82,1863.06,100.88,3.23,446,4736.92,129.66,2873.862,1.51,0.218,0.279,0.555,0.525,0.625,1.88,137.4,61.6,51.96,0.1
"Plum-Ni2-pH5-d4","SED","PM","2","5",4,102.9,5.72,NA,88.92,2621.2,8211.55,202.06,7.04,1.59,115.61,1927.43,93.79,3.12,445.42,5800.17,139.89,3872.744,1.53,0.235,0.226,0.706,0.444,0.692,1.88,NA,61.6,226.8,3.5
"Plum-Ni5-pH5-d4","SED","PM","5","5",4,102.9,5.66,3425.03,117.51,2431.57,8450.54,217.52,7.21,2.41,109.69,2014.54,97.33,4.07,493.91,5217.64,147.08,3203.097,1.66,0.238,0.335,0.617,0.565,0.676,1.88,20.5,61.6,549.6,2.2
"Plum-Ni0.5-pH7-d4","SED","PM","0.5","7",4,102.9,7.65,303.99,0.25,2855.94,9184.98,273.83,7.39,1.67,111.84,2241.07,131.82,3.25,464.79,5302.07,178.61,3060.994,1.58,0.244,0.225,0.577,0.439,0.652,1.88,143.9,61.6,51.96,0.3
"Plum-Ni2-pH7-d4","SED","PM","2","7",4,102.9,7.63,722.47,0.25,2663.79,8462.98,256.52,6.88,2.64,115.2,2287.61,133.91,3.82,455.77,4987.92,170.62,2700.309,1.176,0.27,0.384,0.589,0.555,0.665,1.88,93.8,61.6,226.8,2.3
"Plum-Ni5-pH7-d4","SED","PM","5","7",4,102.9,7.65,1496.28,0.24,2670.66,8756.35,262.44,10.58,6.51,121.2,2447.66,140.95,6.33,459.1,5211.12,173.51,2763.465,-0.182,0.28,0.616,0.595,0.598,0.661,1.88,104.3,61.6,549.6,6
"Plum-Ni0.5-pH9-d4","SED","PM","0.5","9",4,102.9,8.79,126.35,0.21,2596.5,8988.72,257.39,6.4,1.78,111.73,1914,121.01,3.67,479.43,5502.3,187.06,3588.3,1.896,0.213,0.278,0.612,0.574,0.727,1.88,432,61.6,51.96,0.6
"Plum-Ni2-pH9-d4","SED","PM","2","9",4,102.9,8.79,310.47,0.22,2686.71,8981.75,263.87,6.8,2.57,103.05,1940.16,118.49,5.2,480.83,5277.8,179.64,3337.645,2.634,0.216,0.378,0.588,0.765,0.681,1.88,250.4,61.6,226.8,3.1
"Plum-Ni5-pH9-d4","SED","PM","5","9",4,102.9,8.77,721.12,0.23,2696.33,9086.41,274.62,9.74,3.48,112.16,1958.2,127.38,19.28,488.97,5408.46,195.69,3450.26,15.793,0.216,0.358,0.595,1.98,0.713,1.88,144.6,61.6,549.6,7.5
"Plum-Ni0.5-pH5-d7","SED","PM","0.5","5",7,170.6,5.77,372.55,134.48,2879.35,9193.17,242.32,6.17,1.66,117.42,2163.92,96.21,3.53,494.64,5302.55,132.1,3138.624,1.875,0.235,0.268,0.577,0.572,0.545,1.88,120.9,61.6,51.96,0.1
"Plum-Ni2-pH5-d7","SED","PM","2","5",7,170.6,5.75,1468.84,144.76,2780.94,9296.13,211.74,5.63,2.41,115.03,1842.36,90.01,3.63,495.94,6012.67,148.13,4170.314,1.219,0.198,0.428,0.647,0.645,0.7,1.88,52.3,61.6,226.8,0.8
"Plum-Ni5-pH5-d7","SED","PM","5","5",7,170.6,5.72,3236.58,143.62,2582.88,8326.81,198.93,6.72,2.83,123.67,1837.44,95.34,4.76,483.77,5108.97,136.82,3271.529,1.932,0.221,0.421,0.614,0.709,0.688,1.88,27.9,61.6,549.6,2.6
"Plum-Ni0.5-pH7-d7","SED","PM","0.5","7",7,170.6,7.7,257.55,0.28,2576.85,8536.37,237.91,5.51,1.94,107.19,2080.09,125.31,3.35,418.27,4985.03,161.17,2904.942,1.413,0.244,0.352,0.584,0.609,0.677,1.88,212.5,61.6,51.96,0.3
"Plum-Ni2-pH7-d7","SED","PM","2","7",7,170.6,7.71,633.91,0.33,2584.04,8467.13,249.71,7.76,3.97,108.15,2190.29,130.7,4.83,419.72,4593.48,158.02,2403.192,0.859,0.259,0.511,0.543,0.622,0.633,1.88,167.8,61.6,226.8,2.4
"Plum-Ni5-pH7-d7","SED","PM","5","7",7,170.6,7.66,1351.27,0.26,2764.02,10267.54,305.41,12.67,6.28,110.5,2340.42,133.69,8.42,458.45,5201.41,170.34,2860.987,2.143,0.228,0.496,0.507,0.665,0.558,1.88,116.6,61.6,549.6,6.3
"Plum-Ni0.5-pH9-d7","SED","PM","0.5","9",7,170.6,8.76,108.88,0.22,3158.33,9669.62,317.74,7.23,1.81,109.35,1936.66,124.51,3.76,489.69,5678.69,190.49,3742.026,1.949,0.2,0.251,0.587,0.52,0.6,1.88,503.8,61.6,51.96,0.6
"Plum-Ni2-pH9-d7","SED","PM","2","9",7,170.6,8.77,255.31,0.23,2807.91,9356.86,283.83,8.72,4.29,113.51,1996.07,134.38,5.8,508.44,5790.81,196.51,3794.732,1.503,0.213,0.492,0.619,0.664,0.692,1.88,494.1,61.6,226.8,3.2
"Plum-Ni5-pH9-d7","SED","PM","5","9",7,170.6,8.77,428.39,0.22,2862.89,9924.94,322.57,12.92,5.08,94.65,1605.22,104.65,13.05,490.99,5568.68,193.72,3963.459,7.967,0.162,0.393,0.561,1.01,0.601,1.88,433.6,61.6,549.6,8.1
"Plum-Ni0.5-pH5-d14","SED","PM","0.5","5",14,337.1,5.84,309.45,124.48,2942.72,9872.07,254.89,6.76,2.03,129.81,1861.17,87.59,3.2,450.79,4815.43,132.09,2954.259,1.173,0.189,0.3,0.488,0.474,0.518,1.88,206.9,61.6,51.96,0.2
"Plum-Ni2-pH5-d14","SED","PM","2","5",14,337.1,6.36,739.36,109.13,2899.02,8711.04,213.17,9.7,2.4,112.13,1745.47,91.33,3.9,455.12,4924.03,136.76,3178.56,1.504,0.2,0.247,0.565,0.402,0.642,1.88,109.2,61.6,226.8,2.2
"Plum-Ni5-pH5-d14","SED","PM","5","5",14,337.1,5.92,2672.45,116.7,2824.94,8901.42,212.22,8.74,3.15,119.42,1882.11,96.82,5.1,489.99,6023.83,148.35,4141.72,1.951,0.211,0.361,0.677,0.584,0.699,1.88,36.8,61.6,549.6,3.7
"Plum-Ni0.5-pH7-d14","SED","PM","0.5","7",14,337.1,7.67,258.57,0.44,2842.84,9321.72,275.32,5.46,1.86,122.28,2416.74,150.22,3.63,485.78,5543.36,193.8,3126.628,1.765,0.259,0.341,0.595,0.664,0.704,1.88,174.7,61.6,51.96,0.3
"Plum-Ni2-pH7-d14","SED","PM","2","7",14,337.1,7.67,673.71,0.44,2666.38,8717.09,271.03,8.33,4.17,121.76,2301.87,136.73,5.23,475.15,5159.85,184.8,2857.981,1.066,0.264,0.5,0.592,0.628,0.682,1.88,157.8,61.6,226.8,2.4
"Plum-Ni5-pH7-d14","SED","PM","5","7",14,337.1,7.74,1284.98,0.39,2817.6,8948.44,272.38,10.43,4.68,129.68,2750.99,161.22,6.19,442.86,4895.96,169.58,2144.971,1.507,0.307,0.449,0.547,0.594,0.623,1.88,77.7,61.6,549.6,6.4
"Plum-Ni0.5-pH9-d14","SED","PM","0.5","9",14,337.1,8.74,105.26,0.24,2831.2,10243.26,285.12,6.53,1.86,110.18,1894.18,121.06,3.23,524.1,5436.34,190.67,3542.161,1.371,0.185,0.285,0.531,0.495,0.669,1.88,547.5,61.6,51.96,0.6
"Plum-Ni2-pH9-d14","SED","PM","2","9",14,337.1,8.71,228.97,0.24,2901.64,9201.21,263.09,7.14,3.8,128.79,2193.6,138.11,4.82,535.24,6457.26,204.87,4263.662,1.015,0.238,0.532,0.702,0.674,0.779,1.88,444.1,61.6,226.8,3.2
"Plum-Ni5-pH9-d14","SED","PM","5","9",14,337.1,8.73,343.93,0.25,2843.16,9487.27,280.96,14.71,6.57,122.42,2148.63,135.83,9.1,507.23,5709.71,189.61,3561.082,2.526,0.226,0.447,0.602,0.619,0.675,1.88,521.8,61.6,549.6,8.3
"Plum-Ni0.5-pH5-d28","SED","PM","0.5","5",28,674,5.46,255.32,172.31,3026.12,9632.21,211.35,6,1.93,116.38,1643.06,84.31,3.32,485.82,5242.54,124.24,3599.484,1.397,0.171,0.321,0.544,0.554,0.588,1.88,270,61.6,51.96,0.3
"Plum-Ni2-pH5-d28","SED","PM","2","5",28,674,5.5,718.17,150.79,3123.31,10222.62,225.22,9.69,2.71,101.29,1672.77,79.36,4.57,481.65,4846.08,119.38,3173.317,1.867,0.164,0.279,0.474,0.472,0.53,1.88,132.4,61.6,226.8,2.3
"Plum-Ni5-pH5-d28","SED","PM","5","5",28,674,5.6,1823.14,184.09,2966.24,9215.69,218.63,10.95,5.18,129.63,2223.35,93.97,6.74,532.58,5371.49,131.85,3148.145,1.559,0.241,0.473,0.583,0.615,0.603,1.88,75,61.6,549.6,5.4
"Plum-Ni0.5-pH7-d28","SED","PM","0.5","7",28,674,7.83,236.04,0.54,2941.19,9843.19,288.07,7.03,1.92,112.84,2437.24,144.94,3.91,446.79,5308.11,191.11,2870.869,1.996,0.248,0.273,0.539,0.557,0.663,1.88,195.9,61.6,51.96,0.4
"Plum-Ni2-pH7-d28","SED","PM","2","7",28,674,7.88,567.51,0.54,2909.96,9781.08,306.46,10.2,3.69,122.2,2480.77,148.76,5.42,440.17,4878.64,172.24,2397.865,1.731,0.254,0.362,0.499,0.531,0.562,1.88,153.8,61.6,226.8,2.6
"Plum-Ni5-pH7-d28","SED","PM","5","7",28,674,7.86,1118.79,0.61,2922.28,10430.82,299.56,14.6,10.46,137.59,2621.69,153.03,11.32,486.54,5867.54,199.02,3245.856,0.858,0.251,0.716,0.563,0.775,0.664,1.88,209.3,61.6,549.6,6.7
"Plum-Ni0.5-pH9-d28","SED","PM","0.5","9",28,674,8.64,90.32,0.34,3308.25,11305.76,357.5,8.13,2.48,156.74,2520.58,173.78,3.44,490.87,5693.6,208.37,3173.024,0.958,0.223,0.305,0.504,0.423,0.583,1.88,639.4,61.6,51.96,0.7
"Plum-Ni2-pH9-d28","SED","PM","2","9",28,674,8.61,208.07,0.27,3086.11,10320.84,302.18,10.35,3,115.86,1923,120.32,4.45,464.27,5440.54,192.01,3517.539,1.449,0.186,0.29,0.527,0.43,0.635,1.88,440.1,61.6,226.8,3.3
"Plum-Ni5-pH9-d28","SED","PM","5","9",28,674,8.67,316.04,0.26,2934.43,9998.08,308.83,NA,6.58,122.94,2109.95,136.34,7.04,432.12,5034.55,174.84,2924.596,0.454,0.211,0.106,0.504,0.114,0.566,1.88,579.2,61.6,549.6,8.3
"Breakneck-Ni0.5-pH5-d0","SED","BN","0.5","5",0,3.3,5.89,467.98,23.17,3089.95,9014.33,423.54,6.56,1.42,134.75,1852.94,236.06,3.45,593.71,5998.11,349.4,4145.171,2.029,0.206,0.216,0.665,0.526,0.825,2.66,96.1,60.3,51.96,-0.1
"Breakneck-Ni2-pH5-d0","SED","BN","2","5",0,3.3,5.87,1743.64,23.37,3278.67,9732.65,519.44,7.37,2.04,155.75,2196.12,266.57,3.28,524.46,4603.74,354.2,2407.612,1.241,0.226,0.277,0.473,0.445,0.682,2.66,31.3,60.3,226.8,0.3
"Breakneck-Ni5-pH5-d0","SED","BN","5","5",0,3.3,5.82,2932.69,27.44,3246.26,10529.88,602.3,7.22,1.45,115.69,1362.73,226,3.78,561.96,6569.07,401.38,5206.333,2.325,0.129,0.201,0.624,0.523,0.666,2.66,21.3,60.3,549.6,3.3
"Breakneck-Ni0.5-pH7-d0","SED","BN","0.5","7",0,3.3,7.57,447.25,0.18,3181.76,10646.74,611.19,7.7,1.51,138.32,2091.99,357.01,3.19,548.32,5487.37,496.22,3395.379,1.684,0.196,0.196,0.515,0.414,0.812,2.66,94.7,60.3,51.96,0
"Breakneck-Ni2-pH7-d0","SED","BN","2","7",0,3.3,7.55,1504.59,0.18,3320.8,10449.1,629.77,7.73,2.17,150.92,2030.69,344.95,3.44,506.21,5023.06,436.07,2992.373,1.271,0.194,0.281,0.481,0.446,0.692,2.66,41.7,60.3,226.8,0.8
"Breakneck-Ni5-pH7-d0","SED","BN","5","7",0,3.3,7.53,2446.61,0.17,3383.28,10399.58,643.51,7.69,2.48,141.86,2031.57,345.7,3.27,467.18,4709.2,409.88,2677.629,0.788,0.195,0.323,0.453,0.426,0.637,2.66,29.3,60.3,549.6,4.2
"Breakneck-Ni0.5-pH9-d0","SED","BN","0.5","9",0,3.3,8.81,348.72,0.19,3200.75,10288.22,603.46,6.44,1.53,122.5,1649.78,310.11,3.14,507.44,5401.89,404.05,3752.111,1.604,0.16,0.238,0.525,0.487,0.67,2.66,156.1,60.3,51.96,0.2
"Breakneck-Ni2-pH9-d0","SED","BN","2","9",0,3.3,8.83,1331.5,0.18,3337.71,10383.1,647.15,7.29,2.99,139.77,1835.78,343.85,3.91,522.51,5498.88,452,3663.105,0.928,0.177,0.409,0.53,0.536,0.698,2.66,71.8,60.3,226.8,1.1
"Breakneck-Ni5-pH9-d0","SED","BN","5","9",0,3.3,8.82,1874.54,0.19,3531.98,10791.9,672,8.2,4.29,143.09,1856.6,372.98,4.36,526.69,5436.09,429.8,3579.488,0.072,0.172,0.523,0.504,0.532,0.64,2.66,72.3,60.3,549.6,5.4
"Breakneck-Ni0.5-pH5-d1","SED","BN","0.5","5",1,26,6.3,435.69,5.14,3365.25,12200.38,579.65,7.63,1.81,123.51,1637.43,251.99,3.89,538.36,5002.03,333.27,3364.603,2.087,0.134,0.237,0.41,0.51,0.575,2.66,148.9,60.3,51.96,0
"Breakneck-Ni2-pH5-d1","SED","BN","2","5",1,26,5.8,1684.04,27.85,3321.65,10892.4,547.12,7.5,2.2,116.55,1305.58,201.24,3.87,546.79,5144.39,307.64,3838.809,1.667,0.12,0.294,0.472,0.516,0.562,2.66,58.7,60.3,226.8,0.4
"Breakneck-Ni5-pH5-d1","SED","BN","5","5",1,26,5.96,2480.73,21.77,3429.25,11949.59,592.27,8.23,2.08,123.96,1633.82,253.81,3.4,477.68,5158.47,334.91,3524.658,1.318,0.137,0.253,0.432,0.413,0.565,2.66,30.1,60.3,549.6,4.2
"Breakneck-Ni0.5-pH7-d1","SED","BN","0.5","7",1,26,7.52,310.23,0.19,3208.83,10343.38,672.63,8.06,1.71,153.6,2088.88,365.64,3.44,515.17,5283.15,428.01,3194.266,1.73,0.202,0.212,0.511,0.427,0.636,2.66,154.9,60.3,51.96,0.2
"Breakneck-Ni2-pH7-d1","SED","BN","2","7",1,26,7.5,972,0.18,3443.82,10559.99,677.03,9.09,2.45,137.1,1864.8,339.34,4.04,494.01,5063.94,390.83,3199.145,1.595,0.177,0.269,0.48,0.445,0.577,2.66,79.3,60.3,226.8,1.8
"Breakneck-Ni5-pH7-d1","SED","BN","5","7",1,26,7.53,1467.27,0.18,3359.7,10190.89,630.8,12.45,3.58,160.11,2021.03,354.53,4.93,453.9,5175.61,411.99,3154.581,1.359,0.198,0.287,0.508,0.396,0.653,2.66,70.9,60.3,549.6,6.2
"Breakneck-Ni0.5-pH9-d1","SED","BN","0.5","9",1,26,8.78,204.97,0.23,3281.5,10569.54,653.54,7.32,1.81,120.79,1545.2,281.84,3.56,691.62,9062.43,571.01,7517.227,1.75,0.146,0.248,0.857,0.487,0.874,2.66,335.4,60.3,51.96,0.5
"Breakneck-Ni2-pH9-d1","SED","BN","2","9",1,26,8.78,444.71,0.19,3022.37,9936.55,577.23,8.73,2.63,125.43,1612.84,319.76,4.79,516.43,5074.56,415.31,3461.72,2.155,0.162,0.302,0.511,0.548,0.719,2.66,215.2,60.3,226.8,2.9
"Breakneck-Ni5-pH9-d1","SED","BN","5","9",1,26,8.77,588.2,0.18,3114.01,10272,604.3,9.78,3.08,115.85,1659.82,296.19,5.09,454.75,4809.53,401.3,3149.708,2.006,0.162,0.315,0.468,0.52,0.664,2.66,185.2,60.3,549.6,7.9
"Breakneck-Ni0.5-pH5-d4","SED","BN","0.5","5",4,97.8,5.84,418.85,36.96,3078.3,9238.51,464.41,10.97,1.9,118.57,1551.69,205.63,3.67,485.02,5341.13,299.75,3789.442,1.762,0.168,0.173,0.578,0.334,0.645,2.66,171.6,60.3,51.96,0
"Breakneck-Ni2-pH5-d4","SED","BN","2","5",4,97.8,6.04,1310.87,30.51,3164.62,9194.66,467.9,16.23,2.15,120.4,1518.12,219.89,6.23,556.2,6306.63,366.4,4788.51,4.08,0.165,0.132,0.686,0.384,0.783,2.66,63.4,60.3,226.8,1.2
"Breakneck-Ni5-pH5-d4","SED","BN","5","5",4,97.8,6.04,1940.24,26.25,3442.35,11078.82,513.2,10.21,3.42,128.96,1671.66,271.87,5.75,565.98,7617.03,414.59,5945.371,2.333,0.151,0.335,0.688,0.564,0.808,2.66,61.9,60.3,549.6,5.3
"Breakneck-Ni0.5-pH7-d4","SED","BN","0.5","7",4,97.8,7.57,249.27,0.19,3191.84,9580.38,598.95,9.24,3.26,149.3,1818.86,308.23,4.5,468.5,5010.26,398.85,3191.4,1.24,0.19,0.353,0.523,0.487,0.666,2.66,422,60.3,51.96,0.4
"Breakneck-Ni2-pH7-d4","SED","BN","2","7",4,97.8,7.56,640.32,0.18,3660.14,12708.06,738.89,12.62,4.75,144.87,2044.8,349.47,5.07,458.44,5512.03,403.95,3467.239,0.323,0.161,0.376,0.434,0.402,0.547,2.66,212.9,60.3,226.8,2.5
"Breakneck-Ni5-pH7-d4","SED","BN","5","7",4,97.8,7.53,947.08,0.18,3112.67,9249.07,523.91,10.66,6.05,132.81,1785.77,325.39,8.77,461.81,5116.24,399.19,3330.466,2.725,0.193,0.567,0.553,0.823,0.762,2.66,210,60.3,549.6,7.2
"Breakneck-Ni0.5-pH9-d4","SED","BN","0.5","9",4,97.8,8.78,118.5,0.19,3104.66,9842.26,571.55,8.43,1.84,122.25,1616.98,310.24,3.98,448.93,4759.74,371.57,3142.763,2.142,0.164,0.218,0.484,0.472,0.65,2.66,563.6,60.3,51.96,0.6
"Breakneck-Ni2-pH9-d4","SED","BN","2","9",4,97.8,8.78,256.52,0.19,3355.4,10404.58,599.29,9.96,3.86,121.29,1524.92,290.6,6.91,473.51,6555.69,447.71,5030.773,3.049,0.147,0.387,0.63,0.694,0.747,2.66,579.2,60.3,226.8,3.3
"Breakneck-Ni5-pH9-d4","SED","BN","5","9",4,97.8,8.78,282.29,0.19,3041.63,9333.11,542.15,10.34,3.87,121.28,1620.57,293.56,5.7,409.68,5458.96,280.05,3838.388,1.837,0.174,0.374,0.585,0.551,0.517,2.66,496.5,60.3,549.6,8.6
"Breakneck-Ni0.5-pH5-d7","SED","BN","0.5","5",7,168.6,5.17,375.51,39.67,3331.61,10307.23,440.55,7.38,2.56,132.14,1719.61,199.81,3.86,411.09,4575.9,354.78,2856.291,1.306,0.167,0.347,0.444,0.523,0.805,2.66,232.7,60.3,51.96,0.1
"Breakneck-Ni2-pH5-d7","SED","BN","2","5",7,168.6,5.2,1294.07,51.66,3060.17,9226.46,371.08,8.29,2.07,112.13,1419.32,206,3.89,492.97,4473.23,279.81,3053.909,1.825,0.154,0.249,0.485,0.469,0.754,2.66,66.1,60.3,226.8,1.2
"Breakneck-Ni5-pH5-d7","SED","BN","5","5",7,168.6,5.22,2125.86,47.18,3117.41,9830.41,396.08,NA,3.44,120.51,1516.69,180.03,4.31,491.58,5028.84,235.02,3512.149,0.868,0.154,0.011,0.512,0.013,0.593,2.66,62.6,60.3,549.6,4.9
"Breakneck-Ni0.5-pH7-d7","SED","BN","0.5","7",7,168.6,7.58,240.82,0.21,3122.38,9267.12,593.76,7.31,1.7,161.15,2092.97,374.18,3.76,539.92,5584.34,444.04,3491.371,2.062,0.226,0.232,0.603,0.514,0.748,2.66,198,60.3,51.96,0.4
"Breakneck-Ni2-pH7-d7","SED","BN","2","7",7,168.6,7.58,581.82,0.21,3111.39,9955.17,576.88,8.67,7.44,149.92,1863.88,340.37,5.68,524.56,5456.85,441.39,3592.969,-1.768,0.187,0.859,0.548,0.655,0.765,2.66,402.7,60.3,226.8,2.6
"Breakneck-Ni5-pH7-d7","SED","BN","5","7",7,168.6,7.56,836.18,0.2,3264.3,10088.49,570.95,11.44,2.84,150.56,2116.99,376.2,5.83,516.31,4711.71,412.36,2594.727,2.982,0.21,0.249,0.467,0.509,0.722,2.66,94.2,60.3,549.6,7.5
"Breakneck-Ni0.5-pH9-d7","SED","BN","0.5","9",7,168.6,8.75,113.9,0.19,3215.17,11065.8,641.13,7.79,1.54,105.12,1395.56,266.23,5.27,447.61,4519.28,343.55,3123.726,3.727,0.126,0.198,0.408,0.676,0.536,2.66,568.6,60.3,51.96,0.6
"Breakneck-Ni2-pH9-d7","SED","BN","2","9",7,168.6,8.75,220.13,0.19,3140.62,9737.06,614.57,12.19,3.39,118.83,1622.35,289.47,4.73,542.81,5787.56,477.46,4165.205,1.343,0.167,0.278,0.594,0.388,0.777,2.66,557.1,60.3,226.8,3.3
"Breakneck-Ni5-pH9-d7","SED","BN","5","9",7,168.6,8.75,269.93,0.19,3107.14,11011.41,646.49,8.96,2.64,111.01,1513.1,271.41,4.53,496.63,4735.54,368.1,3222.439,1.887,0.137,0.295,0.43,0.506,0.569,2.66,379.4,60.3,549.6,8.6
"Breakneck-Ni0.5-pH5-d14","SED","BN","0.5","5",14,336.9,5.54,320.43,93.95,2952.07,8401.31,356.55,7.25,1.48,118.63,1604.95,219.89,2.8,458.53,4649.61,277.59,3044.66,1.315,0.191,0.204,0.553,0.386,0.779,2.66,168.9,60.3,51.96,0.2
"Breakneck-Ni2-pH5-d14","SED","BN","2","5",14,336.9,5.7,1077.23,104.15,2745.91,8175.15,328.07,8.18,2.71,99.12,1046.44,136.65,4.18,500.07,4466.36,236,3419.92,1.464,0.128,0.332,0.546,0.511,0.719,2.66,141.1,60.3,226.8,1.6
"Breakneck-Ni5-pH5-d14","SED","BN","5","5",14,336.9,5.5,1724.32,98.05,2906.87,8672.14,412.55,8.42,2.24,107.97,1347.56,175.98,3.85,453.52,4211.82,250.9,2864.265,1.615,0.155,0.266,0.486,0.457,0.608,2.66,56.6,60.3,549.6,5.7
"Breakneck-Ni0.5-pH7-d14","SED","BN","0.5","7",14,336.9,7.77,252.98,0.25,3039.1,9920.95,585.07,8.05,2.83,156.06,2088.53,362.96,4.01,517.58,5168.08,416.17,3079.551,1.18,0.211,0.352,0.521,0.498,0.711,2.66,314.4,60.3,51.96,0.4
"Breakneck-Ni2-pH7-d14","SED","BN","2","7",14,336.9,7.75,554.48,0.24,3048.88,10501.13,569.61,10.19,2.5,129.45,2017.15,336.89,4.84,594.27,6105.56,433.73,4088.412,2.336,0.192,0.245,0.581,0.475,0.761,2.66,131.2,60.3,226.8,2.7
"Breakneck-Ni5-pH7-d14","SED","BN","5","7",14,336.9,7.83,772.51,0.23,3216.99,9332.45,672.17,13.11,4.36,155.87,2183.69,382,7.29,534.31,5142.67,440.12,2958.982,2.93,0.234,0.333,0.551,0.556,0.655,2.66,151.7,60.3,549.6,7.6
"Breakneck-Ni0.5-pH9-d14","SED","BN","0.5","9",14,336.9,8.73,100.48,0.21,2962.92,9503.62,605.03,7.77,1.76,125.67,1619.43,314.91,3.93,518.37,5237.31,395.86,3617.873,2.17,0.17,0.227,0.551,0.506,0.654,2.66,634.8,60.3,51.96,0.7
"Breakneck-Ni2-pH9-d14","SED","BN","2","9",14,336.9,8.73,338.98,0.21,3028.32,9199.47,549.98,10.55,4.86,125.47,1590.71,293.34,4.59,511.14,6063.45,424.62,4472.743,-0.273,0.173,0.461,0.659,0.435,0.772,2.66,529,60.3,226.8,3.1
"Breakneck-Ni5-pH9-d14","SED","BN","5","9",14,336.9,8.76,215.02,0.2,3255.88,9626.92,560.82,10.81,4.74,122.24,1577.85,279.68,5.19,478.29,4965.35,396.99,3387.504,0.456,0.164,0.438,0.516,0.48,0.708,2.66,820,60.3,549.6,8.7
"Breakneck-Ni0.5-pH5-d28","SED","BN","0.5","5",28,674.1,6.02,269.09,117.96,3093.01,9582.1,394.9,8.55,1.65,122.03,1476.12,183.05,3.13,538.86,5487.29,278.94,4011.174,1.474,0.154,0.193,0.573,0.366,0.706,2.66,243.8,60.3,51.96,0.3
"Breakneck-Ni2-pH5-d28","SED","BN","2","5",28,674.1,6.15,769.99,104.45,3138.31,9426.52,384.66,9.84,2.31,112.67,1284.63,172.86,4.84,532.78,5305.61,260.29,4020.984,2.526,0.136,0.235,0.563,0.492,0.677,2.66,137.1,60.3,226.8,2.2
"Breakneck-Ni5-pH5-d28","SED","BN","5","5",28,674.1,6.55,1209.69,89.13,3182.16,9738.19,411.56,11,4.85,150.96,2127.1,216.94,5.17,429.47,4242.07,218.5,2114.965,0.318,0.218,0.441,0.436,0.47,0.531,2.66,110.6,60.3,549.6,6.7
"Breakneck-Ni0.5-pH7-d28","SED","BN","0.5","7",28,674.1,8.1,241.15,0.35,2885,8823.44,522.35,6.76,1.73,134.04,1863.28,348.73,4.15,502.87,5937.93,436.47,4074.656,2.418,0.211,0.257,0.673,0.614,0.836,2.66,226,60.3,51.96,0.4
"Breakneck-Ni2-pH7-d28","SED","BN","2","7",28,674.1,8.07,544.48,0.37,3414.13,11236.79,631.03,11.64,2.74,141.88,2068.03,346.37,4.65,510.37,4655.94,394.5,2587.91,1.912,0.184,0.235,0.414,0.4,0.625,2.66,142.8,60.3,226.8,2.7
"Breakneck-Ni5-pH7-d28","SED","BN","5","7",28,674.1,8.02,786.72,0.33,3254.42,11043.43,608.77,11.34,4.56,147.99,2305.29,358.64,5.58,514.97,6538.67,434.71,4233.382,1.024,0.209,0.402,0.592,0.492,0.714,2.66,147.6,60.3,549.6,7.5
"Breakneck-Ni0.5-pH9-d28","SED","BN","0.5","9",28,674.1,8.7,89.72,0.22,3407.73,10791.56,674.44,8.4,1.91,130.92,1750.43,331.16,3.67,567.55,6445.98,477.38,4695.547,1.766,0.162,0.227,0.597,0.437,0.708,2.66,713.8,60.3,51.96,0.7
"Breakneck-Ni2-pH9-d28","SED","BN","2","9",28,674.1,8.67,182.04,0.23,3343.1,10265.13,684.36,10.22,3.14,127.97,1666.91,332.55,4.88,549.5,5178.34,444,3511.426,1.744,0.162,0.307,0.504,0.478,0.649,2.66,607.4,60.3,226.8,3.4
"Breakneck-Ni5-pH9-d28","SED","BN","5","9",28,674.1,8.69,224.34,0.23,3095.57,9494.74,595.68,11.31,2.86,140.02,1627.34,313.68,5.11,528.05,5083.65,419.3,3456.308,2.257,0.171,0.253,0.535,0.452,0.704,2.66,459.8,60.3,549.6,8.7
"Robinson Run-Ni0.5-pH5-d0","SED","RR","0.5","5",0,2.3,5.83,381.9,0.04,2360.99,8245.36,149.4,8.42,1.35,69.19,532.26,83.68,4.02,328.54,3931.14,90.25,3398.884,2.676,0.065,0.16,0.477,0.478,0.604,0.41,389.8,70.2,51.96,0.1
"Robinson Run-Ni2-pH5-d0","SED","RR","2","5",0,2.3,5.91,1528.55,-0.03,2531.57,8631.69,158.47,8.65,1.29,63.88,498.37,68.39,4.14,335.71,3797.12,86.7,3298.751,2.851,0.058,0.149,0.44,0.479,0.547,0.41,99.4,70.2,226.8,0.6
"Robinson Run-Ni5-pH5-d0","SED","RR","5","5",0,2.3,5.87,3834.33,-0.01,2165.04,7828.84,141.15,7.76,1.36,59.85,450.52,68.79,4.8,352.3,4256.05,100.49,3805.53,3.441,0.058,0.176,0.544,0.619,0.712,0.41,46.2,70.2,549.6,1.3
"Robinson Run-Ni0.5-pH7-d0","SED","RR","0.5","7",0,2.3,7.15,413.26,-0.19,2379.46,8027.09,165.71,7.74,1.73,81.39,592.64,77.06,4.47,389.82,4195.69,100.12,3603.048,2.742,0.074,0.223,0.523,0.578,0.604,0.41,414.6,70.2,51.96,0
"Robinson Run-Ni2-pH7-d0","SED","RR","2","7",0,2.3,7.13,1536.43,-0.19,2225.22,7754.05,149.44,7.71,1.79,70.26,479.69,102.85,3.85,308.51,3465.05,74.74,2985.356,2.064,0.062,0.231,0.447,0.499,0.5,0.41,142.6,70.2,226.8,0.6
"Robinson Run-Ni5-pH7-d0","SED","RR","5","7",0,2.3,7.15,3741.94,-0.22,2276.39,8194.28,181.72,8.73,1.94,71.76,464.34,73.66,4.96,366.92,3964.46,96.09,3500.114,3.015,0.057,0.223,0.484,0.568,0.529,0.41,65.5,70.2,549.6,1.4
"Robinson Run-Ni0.5-pH9-d0","SED","RR","0.5","9",0,2.3,8.8,358.99,0.03,2075.86,7532.03,167.13,7.86,2.06,61.7,424.13,62.25,5.29,349.55,4055.47,99.05,3631.342,3.228,0.056,0.262,0.538,0.672,0.593,0.41,794.1,70.2,51.96,0.1
"Robinson Run-Ni2-pH9-d0","SED","RR","2","9",0,2.3,8.77,1337.47,-0.01,2166.23,7585.2,139.19,8.04,1.7,67.15,443.51,80.8,4.35,354.59,4041.2,101.85,3597.691,2.658,0.058,0.211,0.533,0.542,0.732,0.41,168.2,70.2,226.8,0.9
"Robinson Run-Ni5-pH9-d0","SED","RR","5","9",0,2.3,8.79,3326.16,-0.02,2213.85,7726.56,157.16,8.26,1.96,60.64,443.81,63.23,7.45,348.96,4613.9,92.7,4170.09,5.489,0.057,0.237,0.597,0.901,0.59,0.41,77.9,70.2,549.6,2.1
"Robinson Run-Ni0.5-pH5-d1","SED","RR","0.5","5",1,25.3,5.94,374.88,-0.08,2301.68,8306.97,149.25,8.23,1.53,68.35,493.39,70.45,5.14,390.11,4570.26,114.2,4076.864,3.604,0.059,0.186,0.55,0.624,0.765,0.41,485.5,70.2,51.96,0.1
"Robinson Run-Ni2-pH5-d1","SED","RR","2","5",1,25.3,5.86,1444.49,0,2289.06,8248.18,152.27,8.5,1.76,65.26,464.07,83.16,4.14,349.12,4272.22,87.77,3808.155,2.375,0.056,0.207,0.518,0.487,0.576,0.41,154.1,70.2,226.8,0.8
"Robinson Run-Ni5-pH5-d1","SED","RR","5","5",1,25.3,5.92,4072.29,-0.08,2115.77,7528.44,147.53,8.69,1.72,67.67,436,73.89,5.11,374.37,4292.19,93.66,3856.184,3.384,0.058,0.198,0.57,0.588,0.635,0.41,56.9,70.2,549.6,0.9
"Robinson Run-Ni0.5-pH7-d1","SED","RR","0.5","7",1,25.3,7.15,287.5,-0.18,2217.61,8239.18,154.13,8.36,2.03,74.67,462.52,75.96,5.74,354.6,4095.1,98.28,3632.578,3.71,0.056,0.243,0.497,0.687,0.638,0.41,896,70.2,51.96,0.2
"Robinson Run-Ni2-pH7-d1","SED","RR","2","7",1,25.3,7.12,1030.88,-0.18,2280.78,9204.39,175.61,8.9,1.82,80.67,515.83,70.63,4.59,349.47,3796.63,89.83,3280.798,2.769,0.056,0.204,0.412,0.515,0.512,0.41,200.9,70.2,226.8,1.5
"Robinson Run-Ni5-pH7-d1","SED","RR","5","7",1,25.3,7.12,3050.66,-0.16,2332.03,7922.83,153.49,9.97,3.31,78.17,503.53,87.85,6.46,362.3,4289.46,99.45,3785.929,3.147,0.064,0.332,0.541,0.648,0.648,0.41,126.5,70.2,549.6,2.6
"Robinson Run-Ni0.5-pH9-d1","SED","RR","0.5","9",1,25.3,8.77,146.41,-0.02,2177.12,7773.87,161.36,8.53,1.54,60.69,418.9,66.29,4.71,371.46,4396.65,99.66,3977.746,3.166,0.054,0.18,0.566,0.551,0.618,0.41,1473.8,70.2,51.96,0.5
"Robinson Run-Ni2-pH9-d1","SED","RR","2","9",1,25.3,8.76,493.26,-0.03,2195.13,7976.03,152.77,9.45,2.02,71.02,488.23,61.68,5.78,349.84,3932.49,125.24,3444.262,3.754,0.061,0.214,0.493,0.611,0.82,0.41,492.3,70.2,226.8,2.4
"Robinson Run-Ni5-pH9-d1","SED","RR","5","9",1,25.3,8.76,1383.4,0.02,2188.27,7727.34,146.3,11.59,3.36,62.65,454.69,80.1,8.41,331.81,3612.21,90.76,3157.524,5.05,0.059,0.29,0.467,0.726,0.62,0.41,313.5,70.2,549.6,5.5
"Robinson Run-Ni0.5-pH5-d4","SED","RR","0.5","5",4,97.8,5.27,NA,0.31,2364.81,8859.93,158.19,8.1,1.32,63.06,440.7,63.74,4.35,372.63,4036.05,97.85,3595.358,3.031,0.05,0.163,0.456,0.538,0.619,0.41,2649.6,70.2,51.96,0.6
"Robinson Run-Ni2-pH5-d4","SED","RR","2","5",4,97.8,5.31,1371.45,0.27,2237.3,7975.85,143.1,8.05,1.46,60.53,425.17,62.94,4.85,324.99,3663.23,91.29,3238.058,3.395,0.053,0.181,0.459,0.603,0.638,0.41,147,70.2,226.8,0.9
"Robinson Run-Ni5-pH5-d4","SED","RR","5","5",4,97.8,5.28,3335.04,0.33,2207.6,7935.73,145.86,9.25,2.78,72.5,551.14,74.05,6.81,408.94,4934.3,112.85,4383.156,4.031,0.069,0.3,0.622,0.736,0.774,0.41,88.8,70.2,549.6,2.1
"Robinson Run-Ni0.5-pH7-d4","SED","RR","0.5","7",4,97.8,7.13,172.7,-0.23,2250.01,8368.49,168.48,9.47,1.83,77,487.22,73.5,5.31,349.65,3607.34,103.16,3120.12,3.485,0.058,0.193,0.431,0.561,0.612,0.41,1276.5,70.2,51.96,0.4
"Robinson Run-Ni2-pH7-d4","SED","RR","2","7",4,97.8,7.15,NA,-0.25,2123.52,8079.79,156.61,8.1,1.5,72.44,445.77,68.46,4.64,347.86,3881.87,101.05,3436.097,3.142,0.055,0.185,0.48,0.573,0.645,0.41,3300.5,70.2,226.8,3.1
"Robinson Run-Ni5-pH7-d4","SED","RR","5","7",4,97.8,7.14,NA,-0.24,2178.33,7827.27,152.74,7.72,1.38,74.03,498.56,78.08,4.39,336.85,3556.85,85.14,3058.294,3.011,0.064,0.178,0.454,0.568,0.557,0.41,2756.4,70.2,549.6,7.7
"Robinson Run-Ni0.5-pH9-d4","SED","RR","0.5","9",4,97.8,8.72,65.17,-0.02,2122.59,7460.44,151.69,8.04,1.96,68.91,442.08,83.17,5.74,375.41,4514.62,102.9,4072.535,3.775,0.059,0.244,0.605,0.714,0.678,0.41,3993,70.2,51.96,0.6
"Robinson Run-Ni2-pH9-d4","SED","RR","2","9",4,97.8,8.74,144.19,-0.06,2176.29,7665.65,168.05,9.2,3.37,67.42,433.27,73.64,6.51,380.57,4763.59,113.34,4330.323,3.14,0.057,0.367,0.621,0.708,0.674,0.41,3166.1,70.2,226.8,3
"Robinson Run-Ni5-pH9-d4","SED","RR","5","9",4,97.8,8.72,369.08,-0.07,2264.35,8187.03,153.99,13.89,3.64,67.52,420.81,78.4,7.22,343.87,4080.24,97.03,3659.429,3.578,0.051,0.262,0.498,0.519,0.63,0.41,1375.6,70.2,549.6,7.2
"Robinson Run-Ni0.5-pH5-d7","SED","RR","0.5","5",7,171.8,5.41,419.71,0.2,2316.13,8359.01,143.45,8.61,1.37,65.4,472.18,49.66,5.02,406.14,5208.73,101.54,4736.547,3.651,0.056,0.159,0.623,0.583,0.708,0.41,405.7,70.2,51.96,0
"Robinson Run-Ni2-pH5-d7","SED","RR","2","5",7,171.8,5.42,1405.47,0.23,1978.19,7137.27,134,7.33,1.5,61.12,465.2,46.72,6.06,418.28,4821.52,82.46,4356.318,4.558,0.065,0.205,0.676,0.826,0.615,0.41,134.7,70.2,226.8,0.8
"Robinson Run-Ni5-pH5-d7","SED","RR","5","5",7,171.8,5.43,3597.89,0.23,2298.72,8478.58,160.56,11.32,3.63,69.02,516.62,77.44,7.35,410.73,4496.86,100.31,3980.237,3.712,0.061,0.321,0.53,0.649,0.625,0.41,114.6,70.2,549.6,1.7
"Robinson Run-Ni0.5-pH7-d7","SED","RR","0.5","7",7,171.8,7.15,157.53,-0.16,2184.72,7816.68,153.93,NA,2.37,77.59,447.66,77.83,4.97,349.29,3945.35,100.16,3497.685,2.599,0.057,0.229,0.505,0.48,0.651,0.41,1972.5,70.2,51.96,0.5
"Robinson Run-Ni2-pH7-d7","SED","RR","2","7",7,171.8,7.19,487.29,-0.2,2274.4,8417.49,151.7,10.24,3.31,70.75,507.74,81.12,9.13,359.15,4226.08,107.25,3718.342,5.822,0.06,0.323,0.502,0.892,0.707,0.41,785.2,70.2,226.8,2.4
"Robinson Run-Ni5-pH7-d7","SED","RR","5","7",7,171.8,7.18,1372.67,-0.11,2322.39,8144.11,161.49,11.35,2.34,72.33,464.07,81.02,7.31,392.97,4065.83,122.17,3601.763,4.972,0.057,0.206,0.499,0.644,0.756,0.41,215.6,70.2,549.6,5.5
"Robinson Run-Ni0.5-pH9-d7","SED","RR","0.5","9",7,171.8,8.74,50.01,-0.06,2353.04,8515.75,164.06,8.53,1.29,74.94,435.18,66.23,5.07,337.77,3765.03,95.05,3329.851,3.783,0.051,0.151,0.442,0.594,0.579,0.41,3479,70.2,51.96,0.7
"Robinson Run-Ni2-pH9-d7","SED","RR","2","9",7,171.8,8.75,98.48,-0.04,2312.83,8934.1,166.6,12.98,2.08,56.68,406.24,62.43,11.59,391.7,4195.75,104.58,3789.514,9.509,0.045,0.16,0.47,0.893,0.628,0.41,3051.6,70.2,226.8,3.1
"Robinson Run-Ni5-pH9-d7","SED","RR","5","9",7,171.8,8.76,198.68,-0.04,2166.68,7742.66,155.32,15.98,2.97,72.24,486.91,75.13,15.66,357.1,4101.9,102.6,3614.994,12.683,0.063,0.186,0.53,0.98,0.661,0.41,1802,70.2,549.6,7.5
"Robinson Run-Ni0.5-pH5-d14","SED","RR","0.5","5",14,339.8,5.68,335.77,0.32,2364.99,8324.07,147.31,NA,1.53,68.7,457.07,69.61,5.05,376.56,4642.59,102.81,4185.521,3.52,0.055,0.149,0.558,0.491,0.698,0.41,585.1,70.2,51.96,0.2
"Robinson Run-Ni2-pH5-d14","SED","RR","2","5",14,339.8,5.65,1037.9,0.28,2457.56,8659.88,155.24,10.12,1.69,66.55,458.85,46.36,6.24,370.79,4334.35,74.86,3875.502,4.542,0.053,0.167,0.501,0.616,0.482,0.41,208.3,70.2,226.8,1.5
"Robinson Run-Ni5-pH5-d14","SED","RR","5","5",14,339.8,5.7,2369.73,0.2,2395.68,8516.75,164.42,11.06,3.26,67.78,418.36,57.92,6.69,352.69,4063.82,79.42,3645.455,3.437,0.049,0.294,0.477,0.605,0.483,0.41,193,70.2,549.6,3.8
"Robinson Run-Ni0.5-pH7-d14","SED","RR","0.5","7",14,339.8,7.14,106.95,0.07,2206.2,7872.96,147.43,8.03,1.38,59.16,355.79,54.33,5.01,330.35,3804.85,90.23,3449.055,3.623,0.045,0.172,0.483,0.623,0.612,0.41,2128.6,70.2,51.96,0.6
"Robinson Run-Ni2-pH7-d14","SED","RR","2","7",14,339.8,7.16,349.19,0.01,2180.98,7527.24,151.58,10.33,3.28,69.59,444.03,65.84,5.55,332.05,3765.04,99.09,3321.012,2.267,0.059,0.317,0.5,0.537,0.654,0.41,1241.6,70.2,226.8,2.6
"Robinson Run-Ni5-pH7-d14","SED","RR","5","7",14,339.8,7.17,913.1,-0.02,2216.28,8106.06,164.11,15.09,5.5,74.33,398.8,60.79,8.07,354.91,4123.6,90.56,3724.805,2.568,0.049,0.364,0.509,0.534,0.552,0.41,886.5,70.2,549.6,6.3
"Robinson Run-Ni0.5-pH9-d14","SED","RR","0.5","9",14,339.8,8.73,28.35,0.1,2131.86,7724.1,154.09,7.76,6.08,63.86,426.93,76.04,6.08,336.86,3667.99,102.76,3241.061,-0.004,0.055,0.784,0.475,0.783,0.667,0.41,29483.8,70.2,51.96,0.7
"Robinson Run-Ni2-pH9-d14","SED","RR","2","9",14,339.8,8.74,51.08,0.17,2241.22,8036.5,154.62,11.54,3.08,54.77,351.28,65.8,5.6,372.25,4415.05,99.43,4063.772,2.522,0.044,0.267,0.549,0.485,0.643,0.41,10074.8,70.2,226.8,3.1
"Robinson Run-Ni5-pH9-d14","SED","RR","5","9",14,339.8,8.73,85.49,0.07,2200.55,7436.95,144.38,13.49,4.51,61.49,432.2,72.4,6.46,386.4,4629.68,93.5,4197.474,1.944,0.058,0.335,0.623,0.479,0.648,0.41,7164.2,70.2,549.6,7.7
"Robinson Run-Ni0.5-pH5-d28","SED","RR","0.5","5",28,676,6.2,216.64,0.81,2354.15,8935.66,112.27,9.26,1.25,59.61,447.59,43.68,4.85,368.89,3988.28,59.01,3540.696,3.602,0.05,0.135,0.446,0.524,0.526,0.41,756.6,70.2,51.96,0.4
"Robinson Run-Ni2-pH5-d28","SED","RR","2","5",28,676,6.09,709.91,0.02,2025.9,7378.8,120.39,9.32,2.2,77.88,523.38,49.13,6.53,378.6,4529.84,79.13,4006.462,4.327,0.071,0.236,0.614,0.7,0.657,0.41,347.5,70.2,226.8,2
"Robinson Run-Ni5-pH5-d28","SED","RR","5","5",28,676,6.08,1761.74,0.03,2359.06,8460.99,118.6,12.81,2.62,61.29,401.28,33.76,8.56,393.08,4279.6,67.75,3878.315,5.947,0.047,0.204,0.506,0.668,0.571,0.41,217.5,70.2,549.6,4.8
"Robinson Run-Ni0.5-pH7-d28","SED","RR","0.5","7",28,676,7.16,40.56,-0.07,2350.37,8407.23,153.04,8.45,1.85,78.94,450.22,75.94,6.43,385.16,4889.08,109.93,4438.864,4.584,0.054,0.219,0.582,0.761,0.718,0.41,5946.2,70.2,51.96,0.7
"Robinson Run-Ni2-pH7-d28","SED","RR","2","7",28,676,7.16,200.45,-0.07,2343.67,8114.27,162.48,10.06,1.93,83.78,571.14,86.61,6.53,342.93,3760.84,86.38,3189.699,4.597,0.07,0.192,0.463,0.649,0.532,0.41,989.5,70.2,226.8,2.9
"Robinson Run-Ni5-pH7-d28","SED","RR","5","7",28,676,7.15,618.66,-0.07,2123.01,7961.95,156.61,14.77,10,88.66,549.14,87.23,15.33,396.04,4410.93,102.45,3861.786,5.335,0.069,0.677,0.554,1.038,0.654,0.41,1727.6,70.2,549.6,6.8
"Robinson Run-Ni0.5-pH9-d28","SED","RR","0.5","9",28,676,8.73,18.23,0.01,2554.41,9540.56,NA,8.9,1.41,60.8,390.48,68.15,5.08,360.53,4091.77,100.76,3701.287,3.668,0.041,0.159,0.429,0.571,0.411,0.41,11625.8,70.2,51.96,0.7
"Robinson Run-Ni2-pH9-d28","SED","RR","2","9",28,676,8.7,30.86,0.01,2081.6,7909.32,148.08,9.24,1.82,58.5,384.77,64.36,6.44,388.6,4414.07,98.66,4029.301,4.611,0.049,0.197,0.558,0.696,0.666,0.41,8996.3,70.2,226.8,3.2
"Robinson Run-Ni5-pH9-d28","SED","RR","5","9",28,676,8.71,46.4,0.01,2380.23,8459.64,170.38,12.31,5.24,61.31,379.05,64.54,15.87,388.81,4589.76,97.98,4210.71,10.627,0.045,0.426,0.543,1.29,0.575,0.41,17486.6,70.2,549.6,7.7
"L. Sugar Creek-Ni0.5-pH5-d0","SED","LS","0.5","5",0,2.8,8.09,433.64,-0.11,1959.78,9283.45,475.19,4.71,0.91,40.57,368.76,68.8,2.73,87.35,1241.17,249.26,872.41,1.821,0.04,0.192,0.134,0.578,0.525,1.78,334,69.8,51.96,0
"L. Sugar Creek-Ni2-pH5-d0","SED","LS","2","5",0,2.8,8.08,1387.88,-0.12,2477.39,9646.49,416.04,6.22,1.09,39.37,337.03,64.9,4.37,86.16,1133.82,207.46,796.788,3.282,0.035,0.176,0.118,0.704,0.499,1.78,136.8,69.8,226.8,0.9
"L. Sugar Creek-Ni5-pH5-d0","SED","LS","5","5",0,2.8,8.07,3685.31,-0.13,1857.19,7392.95,373.29,6.41,1.61,36.41,392.59,60.23,3.62,62.94,956.13,187.14,563.538,2.003,0.053,0.252,0.129,0.564,0.501,1.78,65.3,69.8,549.6,1.5
"L. Sugar Creek-Ni0.5-pH7-d0","SED","LS","0.5","7",0,2.8,7.61,395.94,-0.23,1778.16,7449.41,343.16,4.56,1.26,49.32,514.58,131.66,3.5,79.57,1474.97,260.45,960.388,2.244,0.069,0.276,0.198,0.768,0.759,1.78,363,69.8,51.96,0.1
"L. Sugar Creek-Ni2-pH7-d0","SED","LS","2","7",0,2.8,7.6,1472.65,-0.17,1726.5,10399.55,434.08,4.65,1.45,45.87,398.75,102.82,3.26,101.29,1127.91,232.38,729.152,1.808,0.038,0.311,0.108,0.7,0.535,1.78,144.9,69.8,226.8,0.7
"L. Sugar Creek-Ni5-pH7-d0","SED","LS","5","7",0,2.8,7.54,3642.12,-0.11,1498.28,7903.76,366.59,5.63,1.63,41.44,344.52,89.53,5.2,80.44,1233.06,218.65,888.542,3.57,0.044,0.29,0.156,0.924,0.596,1.78,76.2,69.8,549.6,1.6
"L. Sugar Creek-Ni0.5-pH9-d0","SED","LS","0.5","9",0,2.8,8.73,350.63,-0.03,1795.06,7072.27,329.81,3.93,0.97,37.07,289.35,64.63,3.24,88.27,1147.37,282.64,858.028,2.278,0.041,0.246,0.162,0.825,0.857,1.78,561.2,69.8,51.96,0.1
"L. Sugar Creek-Ni2-pH9-d0","SED","LS","2","9",0,2.8,8.74,1329.67,0,1644.09,7908.02,354.75,4.13,1.3,39.2,313.07,65.94,3.28,62.96,1051.97,192.54,738.899,1.987,0.04,0.313,0.133,0.794,0.543,1.78,183.3,69.8,226.8,1
"L. Sugar Creek-Ni5-pH9-d0","SED","LS","5","9",0,2.8,8.76,3486.49,-0.05,2007.47,8583.65,406.83,5.62,2.35,44.17,320.43,97.83,6.25,96.45,1254.34,236.62,933.906,3.899,0.037,0.419,0.146,1.113,0.582,1.78,123.5,69.8,549.6,1.9
"L. Sugar Creek-Ni0.5-pH5-d1","SED","LS","0.5","5",1,28.8,5.85,284.41,-0.05,1738.38,6755.03,319.57,3.61,2.37,42.66,247.98,66.43,5.19,73.34,1006.4,198.57,758.421,2.823,0.037,0.657,0.149,1.439,0.621,1.78,1972.3,69.8,51.96,0.3
"L. Sugar Creek-Ni2-pH5-d1","SED","LS","2","5",1,28.8,6.22,791.79,-0.15,1690.03,7808.1,362.86,5.07,1.65,40.69,384.14,86.41,4.14,65.33,930.97,195.65,546.832,2.487,0.049,0.325,0.119,0.815,0.539,1.78,318.4,69.8,226.8,1.9
"L. Sugar Creek-Ni5-pH5-d1","SED","LS","5","5",1,28.8,6.16,2316.72,-0.12,1735.83,7901.91,299.87,6.6,3.65,41.35,328.42,77.19,5.16,159.41,1415.93,172.28,1087.508,1.502,0.042,0.554,0.179,0.781,0.575,1.78,281.6,69.8,549.6,3.9
"L. Sugar Creek-Ni0.5-pH7-d1","SED","LS","0.5","7",1,28.8,7.58,260.63,-0.19,1746.43,7595.69,424.26,4.7,1.68,46.69,299.46,87.59,3.24,87.93,884.78,211.81,585.318,1.565,0.039,0.357,0.116,0.691,0.499,1.78,1263.4,69.8,51.96,0.3
"L. Sugar Creek-Ni2-pH7-d1","SED","LS","2","7",1,28.8,7.57,919.57,-0.25,1638.43,NA,298.67,4.24,2.87,40.31,336.29,89.29,4.46,76.1,1104.07,209.26,767.781,1.592,0.059,0.677,0.193,1.053,0.701,1.78,544.7,69.8,226.8,1.7
"L. Sugar Creek-Ni5-pH7-d1","SED","LS","5","7",1,28.8,7.58,2404.86,-0.19,1742.25,7446.29,369.25,8.46,3.4,49.46,475.99,108.58,5.68,78.8,971.55,216.15,495.559,2.283,0.064,0.402,0.13,0.672,0.585,1.78,174.3,69.8,549.6,3.7
"L. Sugar Creek-Ni0.5-pH9-d1","SED","LS","0.5","9",1,28.8,8.7,150.72,0.01,1750.16,8025.6,381.2,4.42,1.13,49.64,311.46,73.42,3.18,59.64,1014.79,233.54,703.33,2.051,0.039,0.256,0.126,0.72,0.613,1.78,1412.8,69.8,51.96,0.5
"L. Sugar Creek-Ni2-pH9-d1","SED","LS","2","9",1,28.8,8.73,573.63,-0.04,1954.33,7995.46,431.94,6.45,2.94,39.83,296.44,70.18,6.73,82.86,941.04,201.83,644.605,3.791,0.037,0.456,0.118,1.043,0.467,1.78,1014.8,69.8,226.8,2.3
"L. Sugar Creek-Ni5-pH9-d1","SED","LS","5","9",1,28.8,8.77,1205.61,-0.05,1966.75,8867.81,407.62,8.05,2.21,37.4,332.61,54.71,5.76,70.7,1156.98,295.77,824.373,3.55,0.038,0.275,0.13,0.716,0.726,1.78,323.5,69.8,549.6,5.8
"L. Sugar Creek-Ni0.5-pH5-d4","SED","LS","0.5","5",4,102.9,6.04,194.44,-0.1,1507.21,6794.15,317.22,3.36,1.03,37.9,309.33,53.4,3.1,76.46,1285.2,222.15,975.863,2.07,0.046,0.307,0.189,0.923,0.7,1.78,1005.1,69.8,51.96,0.4
"L. Sugar Creek-Ni2-pH5-d4","SED","LS","2","5",4,102.9,5.85,1045.61,-0.08,1433.61,7250.15,310.41,3.62,1.02,38.16,256.85,41.7,3.14,86.43,1059.61,148.6,802.76,2.128,0.035,0.281,0.146,0.87,0.479,1.78,222.9,69.8,226.8,1.5
"L. Sugar Creek-Ni5-pH5-d4","SED","LS","5","5",4,102.9,5.92,2251.29,-0.08,1688.22,7588.04,402.69,7.78,3.73,40.14,342.7,78.01,7.26,90.04,1277.5,232.07,934.8,3.537,0.045,0.479,0.168,0.934,0.576,1.78,283.8,69.8,549.6,4
"L. Sugar Creek-Ni0.5-pH7-d4","SED","LS","0.5","7",4,102.9,7.52,192.73,-0.25,1603.15,8202.39,383.76,3.81,1.39,43.77,351.43,88.54,3.53,60.95,749.88,153.28,398.443,2.145,0.043,0.365,0.091,0.928,0.399,1.78,1204.5,69.8,51.96,0.4
"L. Sugar Creek-Ni2-pH7-d4","SED","LS","2","7",4,102.9,7.59,482.71,-0.19,1791.3,10102.46,504.29,10.37,2.48,60.33,359.83,88.36,4.15,66.78,931.75,210.26,571.923,1.667,0.036,0.239,0.092,0.4,0.417,1.78,838,69.8,226.8,2.4
"L. Sugar Creek-Ni5-pH7-d4","SED","LS","5","7",4,102.9,7.64,1269.1,-0.17,1654.75,7719.75,371.87,4.91,4.15,73.49,524.55,180.99,8.51,63.98,1012.19,213.9,487.641,4.353,0.068,0.846,0.131,1.734,0.575,1.78,365.9,69.8,549.6,5.7
"L. Sugar Creek-Ni0.5-pH9-d4","SED","LS","0.5","9",4,102.9,8.73,67.69,-0.02,2198.07,10602.9,432.76,5.9,1.14,44.61,314.57,60.87,3.69,78.92,1087.76,200.92,773.19,2.551,0.03,0.194,0.103,0.626,0.464,1.78,3142.3,69.8,51.96,0.6
"L. Sugar Creek-Ni2-pH9-d4","SED","LS","2","9",4,102.9,8.74,241.47,-0.05,1577.85,7564.55,325.14,5.3,3.34,43.56,341.33,62,5.07,69.07,1178.41,225.15,837.081,1.733,0.045,0.63,0.156,0.957,0.692,1.78,2378.5,69.8,226.8,2.8
"L. Sugar Creek-Ni5-pH9-d4","SED","LS","5","9",4,102.9,8.76,314.77,-0.01,1574.27,7423.24,371.69,9.99,7.78,40.15,278.33,53.71,7.8,81.19,1216.06,265.44,937.731,0.019,0.037,0.779,0.164,0.781,0.714,1.78,5212.1,69.8,549.6,7.3
"L. Sugar Creek-Ni0.5-pH5-d7","SED","LS","0.5","5",7,173.6,6.64,170.76,-0.12,1641.69,6825.11,308.19,4.02,3.83,38.08,307.96,67.25,5.39,115.25,1696.74,260.13,1388.78,1.568,0.045,0.952,0.249,1.342,0.844,1.78,4274.7,69.8,51.96,0.5
"L. Sugar Creek-Ni2-pH5-d7","SED","LS","2","5",7,173.6,6.74,567.96,-0.16,1463.32,6495.16,391.62,6.12,1.02,36.32,271.08,34.69,3.49,78.01,983.09,158.45,712.007,2.474,0.042,0.167,0.151,0.571,0.405,1.78,388.8,69.8,226.8,2.3
"L. Sugar Creek-Ni5-pH5-d7","SED","LS","5","5",7,173.6,6.52,1910.23,-0.13,2213.91,10624.26,405.91,10.54,2.44,43.07,367.69,67.08,6.14,111.57,1379.38,206.26,1011.692,3.695,0.035,0.232,0.13,0.582,0.508,1.78,203.9,69.8,549.6,4.6
"L. Sugar Creek-Ni0.5-pH7-d7","SED","LS","0.5","7",7,173.6,7.6,163.75,-0.23,1778.37,8031.73,330.87,4.29,1.05,45.17,371.24,92.95,3.12,66,916.44,167.43,545.204,2.063,0.046,0.245,0.114,0.726,0.506,1.78,1013.8,69.8,51.96,0.5
"L. Sugar Creek-Ni2-pH7-d7","SED","LS","2","7",7,173.6,7.64,362.89,-0.22,2490.38,9905.12,521.06,8.1,1.07,43.57,298.81,84.35,3,68.32,1152.46,171.84,853.652,1.927,0.03,0.132,0.116,0.37,0.33,1.78,579.2,69.8,226.8,2.6
"L. Sugar Creek-Ni5-pH7-d7","SED","LS","5","7",7,173.6,7.61,1048,-0.19,1690.18,10468.33,322.24,8.8,11.51,41.8,362.54,79.21,14.76,67.79,1763.14,196.04,1400.606,3.246,0.035,1.309,0.168,1.678,0.608,1.78,1778.1,69.8,549.6,6.1
"L. Sugar Creek-Ni0.5-pH9-d7","SED","LS","0.5","9",7,173.6,8.69,63.7,-0.03,2088.97,8181.8,322.08,4.3,1.28,42.15,320.47,57.27,3.4,63.47,1017.09,256.83,696.621,2.123,0.039,0.298,0.124,0.792,0.797,1.78,3680.2,69.8,51.96,0.6
"L. Sugar Creek-Ni2-pH9-d7","SED","LS","2","9",7,173.6,8.71,131.69,-0.02,1904.47,10258.39,403.25,7.81,1.17,75.6,329.24,87.24,3.88,87.55,1290.22,220.11,960.974,2.719,0.032,0.149,0.126,0.498,0.546,1.78,1583.8,69.8,226.8,3
"L. Sugar Creek-Ni5-pH9-d7","SED","LS","5","9",7,173.6,8.72,206.33,-0.01,1853.23,7926.85,371.75,15.4,8.58,39.86,372.95,74.19,11.02,81.45,1260.57,255.45,887.617,2.44,0.047,0.557,0.159,0.715,0.687,1.78,6544.3,69.8,549.6,7.5
"L. Sugar Creek-Ni0.5-pH5-d14","SED","LS","0.5","5",14,342,7.04,97.64,0.19,1582,7915.57,426.16,3.9,1.26,37.35,342.12,63.16,3.15,73.13,1011.64,149.53,669.518,1.891,0.043,0.323,0.128,0.808,0.351,1.78,2213.9,69.8,51.96,0.6
"L. Sugar Creek-Ni2-pH5-d14","SED","LS","2","5",14,342,7.19,155.25,0.19,2032.19,8682.96,390.7,6.58,2.77,45.27,389.2,70.46,6.06,88.24,1342.68,209.71,953.479,3.296,0.045,0.421,0.155,0.922,0.537,1.78,2690.7,69.8,226.8,3
"L. Sugar Creek-Ni5-pH5-d14","SED","LS","5","5",14,342,7.35,578.02,0.16,1721.29,6970.38,416.75,9.01,5.56,37.73,364.45,97.69,8.74,95.74,1350.04,242.96,985.591,3.188,0.052,0.617,0.194,0.97,0.583,1.78,1549.1,69.8,549.6,6.9
"L. Sugar Creek-Ni0.5-pH7-d14","SED","LS","0.5","7",14,342,7.71,88.44,-0.02,2037.66,7770.24,322.88,3.64,0.84,45.41,339.81,83.04,3.17,56.11,651.72,218.71,311.905,2.327,0.044,0.231,0.084,0.871,0.677,1.78,1640.5,69.8,51.96,0.6
"L. Sugar Creek-Ni2-pH7-d14","SED","LS","2","7",14,342,7.72,132.02,-0.07,1847.83,7866.23,607.33,8.26,2.06,74.82,356.42,142.58,4.37,78.79,1274.35,245.46,917.925,2.31,0.045,0.25,0.162,0.53,0.404,1.78,2569.5,69.8,226.8,3
"L. Sugar Creek-Ni5-pH7-d14","SED","LS","5","7",14,342,7.7,306.7,0.01,2055.01,8826.65,397.34,9,5.86,42.99,286.58,91.76,9.83,75.88,974.85,222.06,688.272,3.973,0.032,0.651,0.11,1.092,0.559,1.78,3913.2,69.8,549.6,7.3
"L. Sugar Creek-Ni0.5-pH9-d14","SED","LS","0.5","9",14,342,8.67,34.74,0.13,1930.79,9273.26,474.64,6.52,1.11,45.15,387.46,58.8,3.45,86.78,1033.38,380.9,645.92,2.343,0.042,0.171,0.111,0.53,0.803,1.78,4840.1,69.8,51.96,0.7
"L. Sugar Creek-Ni2-pH9-d14","SED","LS","2","9",14,342,8.7,44.6,0.14,2055.1,8186.63,345.39,4.52,1.37,39.27,269.17,49.99,3.46,72.51,1153.38,180.22,884.214,2.092,0.033,0.303,0.141,0.766,0.522,1.78,6698,69.8,226.8,3.2
"L. Sugar Creek-Ni5-pH9-d14","SED","LS","5","9",14,342,8.71,111.42,0.11,1678.87,6338.56,356.96,8.41,3.75,43.1,395.8,74.44,7.7,69.76,1070.36,216.85,674.565,3.948,0.062,0.446,0.169,0.915,0.607,1.78,4990.9,69.8,549.6,7.7
"L. Sugar Creek-Ni0.5-pH5-d28","SED","LS","0.5","5",28,678.8,6.66,68.17,0.02,1565.32,6593.9,289.55,2.95,0.97,38.84,320.55,37.59,3.38,82.18,1336.09,152.55,1015.536,2.417,0.049,0.328,0.203,1.146,0.527,1.78,2605.4,69.8,51.96,0.6
"L. Sugar Creek-Ni2-pH5-d28","SED","LS","2","5",28,678.8,6.97,224.34,0.01,1608.59,6966.02,264.95,5.08,2.54,44.4,285.41,75.83,5.95,79.31,969.05,277.22,683.638,3.409,0.041,0.5,0.139,1.172,1.046,1.78,2328.3,69.8,226.8,2.9
"L. Sugar Creek-Ni5-pH5-d28","SED","LS","5","5",28,678.8,6.82,434.98,0.13,1895.8,8289.28,298.87,12.87,4.46,42.04,345.42,140.53,10.57,101.54,1570.89,321.39,1225.473,6.111,0.042,0.346,0.19,0.821,1.075,1.78,1742.2,69.8,549.6,7.1
"L. Sugar Creek-Ni0.5-pH7-d28","SED","LS","0.5","7",28,678.8,7.74,34.84,-0.07,2313.4,9954.82,488.14,5.45,1.91,44.09,427.2,92.92,4.26,96.19,953.02,188.05,525.818,2.353,0.043,0.35,0.096,0.782,0.385,1.78,7532.1,69.8,51.96,0.7
"L. Sugar Creek-Ni2-pH7-d28","SED","LS","2","7",28,678.8,7.75,117.91,-0.07,2612.42,10144.61,416.98,7.24,2.02,40.26,298.79,72.81,4.6,94.76,1075.95,214.34,777.158,2.583,0.029,0.279,0.106,0.636,0.514,1.78,3365.3,69.8,226.8,3
"L. Sugar Creek-Ni5-pH7-d28","SED","LS","5","7",28,678.8,7.81,104.72,-0.07,2296.08,7143.13,390.85,12.24,9.03,36.75,273.65,60.7,11.76,60.33,711.11,158.04,437.461,2.728,0.038,0.738,0.1,0.961,0.404,1.78,18494.9,69.8,549.6,7.7
"L. Sugar Creek-Ni0.5-pH9-d28","SED","LS","0.5","9",28,678.8,8.64,22.98,0.02,1876.73,8207.91,401.25,3.79,1.2,42.94,380.47,71.82,3.87,184.03,1510.71,422.36,1130.242,2.67,0.046,0.317,0.184,1.022,1.053,1.78,8055.6,69.8,51.96,0.7
"L. Sugar Creek-Ni2-pH9-d28","SED","LS","2","9",28,678.8,8.68,40.35,0.02,1898.11,7844.78,400.08,6.69,1.56,38.62,376.6,74.57,4.13,72.77,981.88,166.26,605.286,2.574,0.048,0.233,0.125,0.617,0.416,1.78,6025.5,69.8,226.8,3.2
"L. Sugar Creek-Ni5-pH9-d28","SED","LS","5","9",28,678.8,8.69,72.35,0.02,2013.86,10424.48,459.74,6.52,1.59,40.84,341.25,80.03,4.55,83.74,1794.4,205.48,1453.158,2.968,0.033,0.243,0.172,0.698,0.447,1.78,3779.9,69.8,549.6,7.7
"Tinkers-Ni2-pH5-d0-Buffer","BUF","TK","0.5","5",0,1.3,NA,460.4,-0.17,NA,NA,NA,NA,NA,NA,NA,NA,NA,NA,NA,NA,NA,NA,NA,NA,NA,NA,NA,NA,NA,54.6,51.96,-0.1
"Tinkers-Ni10-pH5-d0-Buffer","BUF","TK","2","5",0,1.3,NA,2267.03,-0.18,NA,NA,NA,NA,NA,NA,NA,NA,NA,NA,NA,NA,NA,NA,NA,NA,NA,NA,NA,NA,NA,54.6,226.8,-0.8
"Tinkers-Ni25-pH5-d0-Buffer","BUF","TK","5","5",0,1.3,NA,5725.2,-0.17,NA,NA,NA,NA,NA,NA,NA,NA,NA,NA,NA,NA,NA,NA,NA,NA,NA,NA,NA,NA,NA,54.6,549.6,-2.5
"Tinkers-Ni2-pH7-d0-Buffer","BUF","TK","0.5","7",0,1.3,NA,372.83,-0.3,NA,NA,NA,NA,NA,NA,NA,NA,NA,NA,NA,NA,NA,NA,NA,NA,NA,NA,NA,NA,NA,54.6,51.96,0.1
"Tinkers-Ni10-pH7-d0-Buffer","BUF","TK","2","7",0,1.3,NA,2214.76,-0.29,NA,NA,NA,NA,NA,NA,NA,NA,NA,NA,NA,NA,NA,NA,NA,NA,NA,NA,NA,NA,NA,54.6,226.8,-0.7
"Tinkers-Ni25-pH7-d0-Buffer","BUF","TK","5","7",0,1.3,NA,4931.65,-0.3,NA,NA,NA,NA,NA,NA,NA,NA,NA,NA,NA,NA,NA,NA,NA,NA,NA,NA,NA,NA,NA,54.6,549.6,-0.8
"Tinkers-Ni2-pH9-d0-Buffer","BUF","TK","0.5","9",0,1.3,NA,407.06,-0.31,NA,NA,NA,NA,NA,NA,NA,NA,NA,NA,NA,NA,NA,NA,NA,NA,NA,NA,NA,NA,NA,54.6,51.96,0.1
"Tinkers-Ni10-pH9-d0-Buffer","BUF","TK","2","9",0,1.3,NA,2016.16,-0.31,NA,NA,NA,NA,NA,NA,NA,NA,NA,NA,NA,NA,NA,NA,NA,NA,NA,NA,NA,NA,NA,54.6,226.8,-0.3
"Tinkers-Ni25-pH9-d0-Buffer","BUF","TK","5","9",0,1.3,NA,4297.78,-0.32,NA,NA,NA,NA,NA,NA,NA,NA,NA,NA,NA,NA,NA,NA,NA,NA,NA,NA,NA,NA,NA,54.6,549.6,0.6
"Tinkers-Ni2-pH5-d1-Buffer","BUF","TK","0.5","5",1,25.5,4.98,460.01,-0.17,NA,NA,NA,NA,NA,NA,NA,NA,NA,NA,NA,NA,NA,NA,NA,NA,NA,NA,NA,NA,NA,54.6,51.96,-0.1
"Tinkers-Ni10-pH5-d1-Buffer","BUF","TK","2","5",1,25.5,4.99,2289.87,-0.18,NA,NA,NA,NA,NA,NA,NA,NA,NA,NA,NA,NA,NA,NA,NA,NA,NA,NA,NA,NA,NA,54.6,226.8,-0.9
"Tinkers-Ni25-pH5-d1-Buffer","BUF","TK","5","5",1,25.5,4.98,5746.86,-0.18,NA,NA,NA,NA,NA,NA,NA,NA,NA,NA,NA,NA,NA,NA,NA,NA,NA,NA,NA,NA,NA,54.6,549.6,-2.6
"Tinkers-Ni2-pH7-d1-Buffer","BUF","TK","0.5","7",1,25.5,7.02,324.11,-0.3,NA,NA,NA,NA,NA,NA,NA,NA,NA,NA,NA,NA,NA,NA,NA,NA,NA,NA,NA,NA,NA,54.6,51.96,0.2
"Tinkers-Ni10-pH7-d1-Buffer","BUF","TK","2","7",1,25.5,7.03,1730.44,-0.3,NA,NA,NA,NA,NA,NA,NA,NA,NA,NA,NA,NA,NA,NA,NA,NA,NA,NA,NA,NA,NA,54.6,226.8,0.4
"Tinkers-Ni25-pH7-d1-Buffer","BUF","TK","5","7",1,25.5,7.02,4365.15,-0.3,NA,NA,NA,NA,NA,NA,NA,NA,NA,NA,NA,NA,NA,NA,NA,NA,NA,NA,NA,NA,NA,54.6,549.6,0.5
"Tinkers-Ni2-pH9-d1-Buffer","BUF","TK","0.5","9",1,25.5,9.64,409.87,-0.32,NA,NA,NA,NA,NA,NA,NA,NA,NA,NA,NA,NA,NA,NA,NA,NA,NA,NA,NA,NA,NA,54.6,51.96,0.1
"Tinkers-Ni10-pH9-d1-Buffer","BUF","TK","2","9",1,25.5,9.61,1561.43,-0.32,NA,NA,NA,NA,NA,NA,NA,NA,NA,NA,NA,NA,NA,NA,NA,NA,NA,NA,NA,NA,NA,54.6,226.8,0.7
"Tinkers-Ni25-pH9-d1-Buffer","BUF","TK","5","9",1,25.5,9.63,3496.11,-0.32,NA,NA,NA,NA,NA,NA,NA,NA,NA,NA,NA,NA,NA,NA,NA,NA,NA,NA,NA,NA,NA,54.6,549.6,2.4
"Tinkers-Ni2-pH5-d4-Buffer","BUF","TK","0.5","5",4,96.9,4.99,476.31,-0.18,NA,NA,NA,NA,NA,NA,NA,NA,NA,NA,NA,NA,NA,NA,NA,NA,NA,NA,NA,NA,NA,54.6,51.96,-0.1
"Tinkers-Ni10-pH5-d4-Buffer","BUF","TK","2","5",4,96.9,4.98,2305.63,-0.18,NA,NA,NA,NA,NA,NA,NA,NA,NA,NA,NA,NA,NA,NA,NA,NA,NA,NA,NA,NA,NA,54.6,226.8,-0.9
"Tinkers-Ni25-pH5-d4-Buffer","BUF","TK","5","5",4,96.9,4.98,5976.77,-0.18,NA,NA,NA,NA,NA,NA,NA,NA,NA,NA,NA,NA,NA,NA,NA,NA,NA,NA,NA,NA,NA,54.6,549.6,-3.1
"Tinkers-Ni2-pH7-d4-Buffer","BUF","TK","0.5","7",4,96.9,7.07,296.46,-0.3,NA,NA,NA,NA,NA,NA,NA,NA,NA,NA,NA,NA,NA,NA,NA,NA,NA,NA,NA,NA,NA,54.6,51.96,0.3
"Tinkers-Ni10-pH7-d4-Buffer","BUF","TK","2","7",4,96.9,7.05,1933.94,-0.29,NA,NA,NA,NA,NA,NA,NA,NA,NA,NA,NA,NA,NA,NA,NA,NA,NA,NA,NA,NA,NA,54.6,226.8,-0.1
"Tinkers-Ni25-pH7-d4-Buffer","BUF","TK","5","7",4,96.9,7.05,4966.23,-0.29,NA,NA,NA,NA,NA,NA,NA,NA,NA,NA,NA,NA,NA,NA,NA,NA,NA,NA,NA,NA,NA,54.6,549.6,-0.8
"Tinkers-Ni2-pH9-d4-Buffer","BUF","TK","0.5","9",4,96.9,9.67,505.57,-0.32,NA,NA,NA,NA,NA,NA,NA,NA,NA,NA,NA,NA,NA,NA,NA,NA,NA,NA,NA,NA,NA,54.6,51.96,-0.2
"Tinkers-Ni10-pH9-d4-Buffer","BUF","TK","2","9",4,96.9,9.65,865.85,-0.32,NA,NA,NA,NA,NA,NA,NA,NA,NA,NA,NA,NA,NA,NA,NA,NA,NA,NA,NA,NA,NA,54.6,226.8,2.3
"Tinkers-Ni25-pH9-d4-Buffer","BUF","TK","5","9",4,96.9,9.66,1759.6,-0.31,NA,NA,NA,NA,NA,NA,NA,NA,NA,NA,NA,NA,NA,NA,NA,NA,NA,NA,NA,NA,NA,54.6,549.6,6.2
"Tinkers-Ni2-pH5-d7-Buffer","BUF","TK","0.5","5",7,169.4,5.01,489.84,-0.17,NA,NA,NA,NA,NA,NA,NA,NA,NA,NA,NA,NA,NA,NA,NA,NA,NA,NA,NA,NA,NA,54.6,51.96,-0.1
"Tinkers-Ni10-pH5-d7-Buffer","BUF","TK","2","5",7,169.4,5.04,2985.15,-0.18,NA,NA,NA,NA,NA,NA,NA,NA,NA,NA,NA,NA,NA,NA,NA,NA,NA,NA,NA,NA,NA,54.6,226.8,-2.4
"Tinkers-Ni25-pH5-d7-Buffer","BUF","TK","5","5",7,169.4,4.98,6240.85,-0.18,NA,NA,NA,NA,NA,NA,NA,NA,NA,NA,NA,NA,NA,NA,NA,NA,NA,NA,NA,NA,NA,54.6,549.6,-3.7
"Tinkers-Ni2-pH7-d7-Buffer","BUF","TK","0.5","7",7,169.4,7.01,282.1,-0.3,NA,NA,NA,NA,NA,NA,NA,NA,NA,NA,NA,NA,NA,NA,NA,NA,NA,NA,NA,NA,NA,54.6,51.96,0.3
"Tinkers-Ni10-pH7-d7-Buffer","BUF","TK","2","7",7,169.4,7,2002.06,-0.3,NA,NA,NA,NA,NA,NA,NA,NA,NA,NA,NA,NA,NA,NA,NA,NA,NA,NA,NA,NA,NA,54.6,226.8,-0.2
"Tinkers-Ni25-pH7-d7-Buffer","BUF","TK","5","7",7,169.4,6.99,4965.92,-0.3,NA,NA,NA,NA,NA,NA,NA,NA,NA,NA,NA,NA,NA,NA,NA,NA,NA,NA,NA,NA,NA,54.6,549.6,-0.8
"Tinkers-Ni2-pH9-d7-Buffer","BUF","TK","0.5","9",7,169.4,9.74,711.3,-0.31,NA,NA,NA,NA,NA,NA,NA,NA,NA,NA,NA,NA,NA,NA,NA,NA,NA,NA,NA,NA,NA,54.6,51.96,-0.6
"Tinkers-Ni10-pH9-d7-Buffer","BUF","TK","2","9",7,169.4,9.67,466.41,-0.32,NA,NA,NA,NA,NA,NA,NA,NA,NA,NA,NA,NA,NA,NA,NA,NA,NA,NA,NA,NA,NA,54.6,226.8,3.1
"Tinkers-Ni25-pH9-d7-Buffer","BUF","TK","5","9",7,169.4,9.67,460.9,-0.32,NA,NA,NA,NA,NA,NA,NA,NA,NA,NA,NA,NA,NA,NA,NA,NA,NA,NA,NA,NA,NA,54.6,549.6,9.1
"Tinkers-Ni2-pH5-d14-Buffer","BUF","TK","0.5","5",14,336.9,5.08,600.2,-0.34,NA,NA,NA,NA,NA,NA,NA,NA,NA,NA,NA,NA,NA,NA,NA,NA,NA,NA,NA,NA,NA,54.6,51.96,-0.4
"Tinkers-Ni10-pH5-d14-Buffer","BUF","TK","2","5",14,336.9,5.38,7675.4,-0.37,NA,NA,NA,NA,NA,NA,NA,NA,NA,NA,NA,NA,NA,NA,NA,NA,NA,NA,NA,NA,NA,54.6,226.8,-12.7
"Tinkers-Ni25-pH5-d14-Buffer","BUF","TK","5","5",14,336.9,5.33,NA,-0.37,NA,NA,NA,NA,NA,NA,NA,NA,NA,NA,NA,NA,NA,NA,NA,NA,NA,NA,NA,NA,NA,54.6,549.6,-27.3
"Tinkers-Ni2-pH7-d14-Buffer","BUF","TK","0.5","7",14,336.9,6.98,510.26,-0.36,NA,NA,NA,NA,NA,NA,NA,NA,NA,NA,NA,NA,NA,NA,NA,NA,NA,NA,NA,NA,NA,54.6,51.96,-0.2
"Tinkers-Ni10-pH7-d14-Buffer","BUF","TK","2","7",14,336.9,6.93,4042.47,-0.38,NA,NA,NA,NA,NA,NA,NA,NA,NA,NA,NA,NA,NA,NA,NA,NA,NA,NA,NA,NA,NA,54.6,226.8,-4.7
"Tinkers-Ni25-pH7-d14-Buffer","BUF","TK","5","7",14,336.9,6.99,6255.06,-0.39,NA,NA,NA,NA,NA,NA,NA,NA,NA,NA,NA,NA,NA,NA,NA,NA,NA,NA,NA,NA,NA,54.6,549.6,-3.7
"Tinkers-Ni2-pH9-d14-Buffer","BUF","TK","0.5","9",14,336.9,9.93,220.79,-0.38,NA,NA,NA,NA,NA,NA,NA,NA,NA,NA,NA,NA,NA,NA,NA,NA,NA,NA,NA,NA,NA,54.6,51.96,0.5
"Tinkers-Ni10-pH9-d14-Buffer","BUF","TK","2","9",14,336.9,9.95,521.19,-0.39,NA,NA,NA,NA,NA,NA,NA,NA,NA,NA,NA,NA,NA,NA,NA,NA,NA,NA,NA,NA,NA,54.6,226.8,3
"Tinkers-Ni25-pH9-d14-Buffer","BUF","TK","5","9",14,336.9,9.8,1317.88,-0.38,NA,NA,NA,NA,NA,NA,NA,NA,NA,NA,NA,NA,NA,NA,NA,NA,NA,NA,NA,NA,NA,54.6,549.6,7.2
"Tinkers-Ni2-pH5-d28-Buffer","BUF","TK","0.5","5",28,NA,NA,NA,NA,NA,NA,NA,NA,NA,NA,NA,NA,NA,NA,NA,NA,NA,NA,NA,NA,NA,NA,NA,NA,NA,54.6,51.96,NA
"Tinkers-Ni10-pH5-d28-Buffer","BUF","TK","2","5",28,NA,NA,NA,NA,NA,NA,NA,NA,NA,NA,NA,NA,NA,NA,NA,NA,NA,NA,NA,NA,NA,NA,NA,NA,NA,54.6,226.8,NA
"Tinkers-Ni25-pH5-d28-Buffer","BUF","TK","5","5",28,NA,NA,NA,NA,NA,NA,NA,NA,NA,NA,NA,NA,NA,NA,NA,NA,NA,NA,NA,NA,NA,NA,NA,NA,NA,54.6,549.6,NA
"Tinkers-Ni2-pH7-d28-Buffer","BUF","TK","0.5","7",28,NA,NA,NA,NA,NA,NA,NA,NA,NA,NA,NA,NA,NA,NA,NA,NA,NA,NA,NA,NA,NA,NA,NA,NA,NA,54.6,51.96,NA
"Tinkers-Ni10-pH7-d28-Buffer","BUF","TK","2","7",28,NA,NA,NA,NA,NA,NA,NA,NA,NA,NA,NA,NA,NA,NA,NA,NA,NA,NA,NA,NA,NA,NA,NA,NA,NA,54.6,226.8,NA
"Tinkers-Ni25-pH7-d28-Buffer","BUF","TK","5","7",28,NA,NA,NA,NA,NA,NA,NA,NA,NA,NA,NA,NA,NA,NA,NA,NA,NA,NA,NA,NA,NA,NA,NA,NA,NA,54.6,549.6,NA
"Tinkers-Ni2-pH9-d28-Buffer","BUF","TK","0.5","9",28,NA,NA,NA,NA,NA,NA,NA,NA,NA,NA,NA,NA,NA,NA,NA,NA,NA,NA,NA,NA,NA,NA,NA,NA,NA,54.6,51.96,NA
"Tinkers-Ni10-pH9-d28-Buffer","BUF","TK","2","9",28,NA,NA,NA,NA,NA,NA,NA,NA,NA,NA,NA,NA,NA,NA,NA,NA,NA,NA,NA,NA,NA,NA,NA,NA,NA,54.6,226.8,NA
"Tinkers-Ni25-pH9-d28-Buffer","BUF","TK","5","9",28,NA,NA,NA,NA,NA,NA,NA,NA,NA,NA,NA,NA,NA,NA,NA,NA,NA,NA,NA,NA,NA,NA,NA,NA,NA,54.6,549.6,NA
"Plum-Ni0.5-pH5-d0-Buffer","BUF","PM","0.5","5",0,2.9,5.1,448.03,0.2,NA,NA,NA,NA,NA,NA,NA,NA,NA,NA,NA,NA,NA,NA,NA,NA,NA,NA,NA,NA,NA,61.6,51.96,0
"Plum-Ni2-pH5-d0-Buffer","BUF","PM","2","5",0,2.9,5.05,1791.44,0.18,NA,NA,NA,NA,NA,NA,NA,NA,NA,NA,NA,NA,NA,NA,NA,NA,NA,NA,NA,NA,NA,61.6,226.8,0.2
"Plum-Ni5-pH5-d0-Buffer","BUF","PM","5","5",0,2.9,5.04,4639.05,0.19,NA,NA,NA,NA,NA,NA,NA,NA,NA,NA,NA,NA,NA,NA,NA,NA,NA,NA,NA,NA,NA,61.6,549.6,-0.1
"Plum-Ni0.5-pH7-d0-Buffer","BUF","PM","0.5","7",0,2.9,7.04,412.4,0.14,NA,NA,NA,NA,NA,NA,NA,NA,NA,NA,NA,NA,NA,NA,NA,NA,NA,NA,NA,NA,NA,61.6,51.96,0
"Plum-Ni2-pH7-d0-Buffer","BUF","PM","2","7",0,2.9,7.05,1740.01,0.14,NA,NA,NA,NA,NA,NA,NA,NA,NA,NA,NA,NA,NA,NA,NA,NA,NA,NA,NA,NA,NA,61.6,226.8,0.3
"Plum-Ni5-pH7-d0-Buffer","BUF","PM","5","7",0,2.9,7.04,4303.98,0.14,NA,NA,NA,NA,NA,NA,NA,NA,NA,NA,NA,NA,NA,NA,NA,NA,NA,NA,NA,NA,NA,61.6,549.6,0.5
"Plum-Ni0.5-pH9-d0-Buffer","BUF","PM","0.5","9",0,2.9,9.11,470.47,0.17,NA,NA,NA,NA,NA,NA,NA,NA,NA,NA,NA,NA,NA,NA,NA,NA,NA,NA,NA,NA,NA,61.6,51.96,-0.1
"Plum-Ni2-pH9-d0-Buffer","BUF","PM","2","9",0,2.9,9.11,1808.37,0.17,NA,NA,NA,NA,NA,NA,NA,NA,NA,NA,NA,NA,NA,NA,NA,NA,NA,NA,NA,NA,NA,61.6,226.8,0.2
"Plum-Ni5-pH9-d0-Buffer","BUF","PM","5","9",0,2.9,9.1,4470.62,0.17,NA,NA,NA,NA,NA,NA,NA,NA,NA,NA,NA,NA,NA,NA,NA,NA,NA,NA,NA,NA,NA,61.6,549.6,0.2
"Plum-Ni0.5-pH5-d1-Buffer","BUF","PM","0.5","5",1,25.8,5.06,442.26,0.19,NA,NA,NA,NA,NA,NA,NA,NA,NA,NA,NA,NA,NA,NA,NA,NA,NA,NA,NA,NA,NA,61.6,51.96,0
"Plum-Ni2-pH5-d1-Buffer","BUF","PM","2","5",1,25.8,5.11,1688.2,0.18,NA,NA,NA,NA,NA,NA,NA,NA,NA,NA,NA,NA,NA,NA,NA,NA,NA,NA,NA,NA,NA,61.6,226.8,0.4
"Plum-Ni5-pH5-d1-Buffer","BUF","PM","5","5",1,25.8,5.05,4335.15,0.2,NA,NA,NA,NA,NA,NA,NA,NA,NA,NA,NA,NA,NA,NA,NA,NA,NA,NA,NA,NA,NA,61.6,549.6,0.5
"Plum-Ni0.5-pH7-d1-Buffer","BUF","PM","0.5","7",1,25.8,7.05,400.71,0.22,NA,NA,NA,NA,NA,NA,NA,NA,NA,NA,NA,NA,NA,NA,NA,NA,NA,NA,NA,NA,NA,61.6,51.96,0.1
"Plum-Ni2-pH7-d1-Buffer","BUF","PM","2","7",1,25.8,7.03,1702.76,0.14,NA,NA,NA,NA,NA,NA,NA,NA,NA,NA,NA,NA,NA,NA,NA,NA,NA,NA,NA,NA,NA,61.6,226.8,0.4
"Plum-Ni5-pH7-d1-Buffer","BUF","PM","5","7",1,25.8,7.03,4231.42,0.14,NA,NA,NA,NA,NA,NA,NA,NA,NA,NA,NA,NA,NA,NA,NA,NA,NA,NA,NA,NA,NA,61.6,549.6,0.7
"Plum-Ni0.5-pH9-d1-Buffer","BUF","PM","0.5","9",1,25.8,9.12,463.29,0.17,NA,NA,NA,NA,NA,NA,NA,NA,NA,NA,NA,NA,NA,NA,NA,NA,NA,NA,NA,NA,NA,61.6,51.96,-0.1
"Plum-Ni2-pH9-d1-Buffer","BUF","PM","2","9",1,25.8,9.13,1768.35,0.17,NA,NA,NA,NA,NA,NA,NA,NA,NA,NA,NA,NA,NA,NA,NA,NA,NA,NA,NA,NA,NA,61.6,226.8,0.2
"Plum-Ni5-pH9-d1-Buffer","BUF","PM","5","9",1,25.8,9.12,4151.63,0.17,NA,NA,NA,NA,NA,NA,NA,NA,NA,NA,NA,NA,NA,NA,NA,NA,NA,NA,NA,NA,NA,61.6,549.6,0.8
"Plum-Ni0.5-pH5-d4-Buffer","BUF","PM","0.5","5",4,102.9,5.05,425.79,0.19,NA,NA,NA,NA,NA,NA,NA,NA,NA,NA,NA,NA,NA,NA,NA,NA,NA,NA,NA,NA,NA,61.6,51.96,0
"Plum-Ni2-pH5-d4-Buffer","BUF","PM","2","5",4,102.9,5.05,1656.03,0.18,NA,NA,NA,NA,NA,NA,NA,NA,NA,NA,NA,NA,NA,NA,NA,NA,NA,NA,NA,NA,NA,61.6,226.8,0.5
"Plum-Ni5-pH5-d4-Buffer","BUF","PM","5","5",4,102.9,5.06,4000.86,0.18,NA,NA,NA,NA,NA,NA,NA,NA,NA,NA,NA,NA,NA,NA,NA,NA,NA,NA,NA,NA,NA,61.6,549.6,1.1
"Plum-Ni0.5-pH7-d4-Buffer","BUF","PM","0.5","7",4,102.9,7.02,392.24,0.14,NA,NA,NA,NA,NA,NA,NA,NA,NA,NA,NA,NA,NA,NA,NA,NA,NA,NA,NA,NA,NA,61.6,51.96,0.1
"Plum-Ni2-pH7-d4-Buffer","BUF","PM","2","7",4,102.9,7.02,1682.48,0.15,NA,NA,NA,NA,NA,NA,NA,NA,NA,NA,NA,NA,NA,NA,NA,NA,NA,NA,NA,NA,NA,61.6,226.8,0.4
"Plum-Ni5-pH7-d4-Buffer","BUF","PM","5","7",4,102.9,7.03,4166.88,0.14,NA,NA,NA,NA,NA,NA,NA,NA,NA,NA,NA,NA,NA,NA,NA,NA,NA,NA,NA,NA,NA,61.6,549.6,0.8
"Plum-Ni0.5-pH9-d4-Buffer","BUF","PM","0.5","9",4,102.9,9.09,460.69,0.17,NA,NA,NA,NA,NA,NA,NA,NA,NA,NA,NA,NA,NA,NA,NA,NA,NA,NA,NA,NA,NA,61.6,51.96,-0.1
"Plum-Ni2-pH9-d4-Buffer","BUF","PM","2","9",4,102.9,9.09,1617.69,0.17,NA,NA,NA,NA,NA,NA,NA,NA,NA,NA,NA,NA,NA,NA,NA,NA,NA,NA,NA,NA,NA,61.6,226.8,0.5
"Plum-Ni5-pH9-d4-Buffer","BUF","PM","5","9",4,102.9,9.08,3448.83,0.17,NA,NA,NA,NA,NA,NA,NA,NA,NA,NA,NA,NA,NA,NA,NA,NA,NA,NA,NA,NA,NA,61.6,549.6,2.2
"Plum-Ni0.5-pH5-d7-Buffer","BUF","PM","0.5","5",7,170.6,5.06,NA,0.18,NA,NA,NA,NA,NA,NA,NA,NA,NA,NA,NA,NA,NA,NA,NA,NA,NA,NA,NA,NA,NA,61.6,51.96,0.5
"Plum-Ni2-pH5-d7-Buffer","BUF","PM","2","5",7,170.6,5.04,1769.44,0.23,NA,NA,NA,NA,NA,NA,NA,NA,NA,NA,NA,NA,NA,NA,NA,NA,NA,NA,NA,NA,NA,61.6,226.8,0.2
"Plum-Ni5-pH5-d7-Buffer","BUF","PM","5","5",7,170.6,5.04,1964.11,0.18,NA,NA,NA,NA,NA,NA,NA,NA,NA,NA,NA,NA,NA,NA,NA,NA,NA,NA,NA,NA,NA,61.6,549.6,5.1
"Plum-Ni0.5-pH7-d7-Buffer","BUF","PM","0.5","7",7,170.6,7.03,390.48,0.15,NA,NA,NA,NA,NA,NA,NA,NA,NA,NA,NA,NA,NA,NA,NA,NA,NA,NA,NA,NA,NA,61.6,51.96,0.1
"Plum-Ni2-pH7-d7-Buffer","BUF","PM","2","7",7,170.6,7.02,1671.43,0.15,NA,NA,NA,NA,NA,NA,NA,NA,NA,NA,NA,NA,NA,NA,NA,NA,NA,NA,NA,NA,NA,61.6,226.8,0.4
"Plum-Ni5-pH7-d7-Buffer","BUF","PM","5","7",7,170.6,7.02,4145,0.15,NA,NA,NA,NA,NA,NA,NA,NA,NA,NA,NA,NA,NA,NA,NA,NA,NA,NA,NA,NA,NA,61.6,549.6,0.8
"Plum-Ni0.5-pH9-d7-Buffer","BUF","PM","0.5","9",7,170.6,9.07,454.83,0.17,NA,NA,NA,NA,NA,NA,NA,NA,NA,NA,NA,NA,NA,NA,NA,NA,NA,NA,NA,NA,NA,61.6,51.96,0
"Plum-Ni2-pH9-d7-Buffer","BUF","PM","2","9",7,170.6,9.06,1536.63,0.17,NA,NA,NA,NA,NA,NA,NA,NA,NA,NA,NA,NA,NA,NA,NA,NA,NA,NA,NA,NA,NA,61.6,226.8,0.7
"Plum-Ni5-pH9-d7-Buffer","BUF","PM","5","9",7,170.6,9.08,3098.46,0.18,NA,NA,NA,NA,NA,NA,NA,NA,NA,NA,NA,NA,NA,NA,NA,NA,NA,NA,NA,NA,NA,61.6,549.6,2.9
"Plum-Ni0.5-pH5-d14-Buffer","BUF","PM","0.5","5",14,337.1,5.04,453.99,0.18,NA,NA,NA,NA,NA,NA,NA,NA,NA,NA,NA,NA,NA,NA,NA,NA,NA,NA,NA,NA,NA,61.6,51.96,0
"Plum-Ni2-pH5-d14-Buffer","BUF","PM","2","5",14,337.1,5.03,1802.24,0.18,NA,NA,NA,NA,NA,NA,NA,NA,NA,NA,NA,NA,NA,NA,NA,NA,NA,NA,NA,NA,NA,61.6,226.8,0.2
"Plum-Ni5-pH5-d14-Buffer","BUF","PM","5","5",14,337.1,5.03,4630.34,0.18,NA,NA,NA,NA,NA,NA,NA,NA,NA,NA,NA,NA,NA,NA,NA,NA,NA,NA,NA,NA,NA,61.6,549.6,-0.1
"Plum-Ni0.5-pH7-d14-Buffer","BUF","PM","0.5","7",14,337.1,7.02,386.32,0.14,NA,NA,NA,NA,NA,NA,NA,NA,NA,NA,NA,NA,NA,NA,NA,NA,NA,NA,NA,NA,NA,61.6,51.96,0.1
"Plum-Ni2-pH7-d14-Buffer","BUF","PM","2","7",14,337.1,7.03,1650.56,0.14,NA,NA,NA,NA,NA,NA,NA,NA,NA,NA,NA,NA,NA,NA,NA,NA,NA,NA,NA,NA,NA,61.6,226.8,0.5
"Plum-Ni5-pH7-d14-Buffer","BUF","PM","5","7",14,337.1,7.04,4106.28,0.14,NA,NA,NA,NA,NA,NA,NA,NA,NA,NA,NA,NA,NA,NA,NA,NA,NA,NA,NA,NA,NA,61.6,549.6,0.9
"Plum-Ni0.5-pH9-d14-Buffer","BUF","PM","0.5","9",14,337.1,9.05,451.66,0.17,NA,NA,NA,NA,NA,NA,NA,NA,NA,NA,NA,NA,NA,NA,NA,NA,NA,NA,NA,NA,NA,61.6,51.96,0
"Plum-Ni2-pH9-d14-Buffer","BUF","PM","2","9",14,337.1,9.07,1335.29,0.17,NA,NA,NA,NA,NA,NA,NA,NA,NA,NA,NA,NA,NA,NA,NA,NA,NA,NA,NA,NA,NA,61.6,226.8,1.1
"Plum-Ni5-pH9-d14-Buffer","BUF","PM","5","9",14,337.1,9.09,2486.68,0.17,NA,NA,NA,NA,NA,NA,NA,NA,NA,NA,NA,NA,NA,NA,NA,NA,NA,NA,NA,NA,NA,61.6,549.6,4.1
"Plum-Ni0.5-pH5-d28-Buffer","BUF","PM","0.5","5",28,674,5.03,NA,0.18,NA,NA,NA,NA,NA,NA,NA,NA,NA,NA,NA,NA,NA,NA,NA,NA,NA,NA,NA,NA,NA,61.6,51.96,0.5
"Plum-Ni2-pH5-d28-Buffer","BUF","PM","2","5",28,674,5.05,929.25,0.18,NA,NA,NA,NA,NA,NA,NA,NA,NA,NA,NA,NA,NA,NA,NA,NA,NA,NA,NA,NA,NA,61.6,226.8,1.9
"Plum-Ni5-pH5-d28-Buffer","BUF","PM","5","5",28,674,5.04,3226.9,0.18,NA,NA,NA,NA,NA,NA,NA,NA,NA,NA,NA,NA,NA,NA,NA,NA,NA,NA,NA,NA,NA,61.6,549.6,2.6
"Plum-Ni0.5-pH7-d28-Buffer","BUF","PM","0.5","7",28,674,7.06,381.11,0.14,NA,NA,NA,NA,NA,NA,NA,NA,NA,NA,NA,NA,NA,NA,NA,NA,NA,NA,NA,NA,NA,61.6,51.96,0.1
"Plum-Ni2-pH7-d28-Buffer","BUF","PM","2","7",28,674,7.05,1627.89,0.15,NA,NA,NA,NA,NA,NA,NA,NA,NA,NA,NA,NA,NA,NA,NA,NA,NA,NA,NA,NA,NA,61.6,226.8,0.5
"Plum-Ni5-pH7-d28-Buffer","BUF","PM","5","7",28,674,7.07,4059.73,0.15,NA,NA,NA,NA,NA,NA,NA,NA,NA,NA,NA,NA,NA,NA,NA,NA,NA,NA,NA,NA,NA,61.6,549.6,1
"Plum-Ni0.5-pH9-d28-Buffer","BUF","PM","0.5","9",28,674,9.05,443.03,0.17,NA,NA,NA,NA,NA,NA,NA,NA,NA,NA,NA,NA,NA,NA,NA,NA,NA,NA,NA,NA,NA,61.6,51.96,0
"Plum-Ni2-pH9-d28-Buffer","BUF","PM","2","9",28,674,9.04,812.18,0.18,NA,NA,NA,NA,NA,NA,NA,NA,NA,NA,NA,NA,NA,NA,NA,NA,NA,NA,NA,NA,NA,61.6,226.8,2.1
"Plum-Ni5-pH9-d28-Buffer","BUF","PM","5","9",28,674,9.03,1173.89,0.17,NA,NA,NA,NA,NA,NA,NA,NA,NA,NA,NA,NA,NA,NA,NA,NA,NA,NA,NA,NA,NA,61.6,549.6,6.6
"Robinson-Ni0.5-pH5-d0-Buffer","BUF","RR","0.5","5",0,2.3,5.05,436.54,-0.13,NA,NA,NA,NA,NA,NA,NA,NA,NA,NA,NA,NA,NA,NA,NA,NA,NA,NA,NA,NA,NA,70.2,51.96,0
"Robinson-Ni2-pH5-d0-Buffer","BUF","RR","2","5",0,2.3,5.03,1872.94,-0.14,NA,NA,NA,NA,NA,NA,NA,NA,NA,NA,NA,NA,NA,NA,NA,NA,NA,NA,NA,NA,NA,70.2,226.8,0
"Robinson-Ni5-pH5-d0-Buffer","BUF","RR","5","5",0,2.3,5.02,4480.52,-0.09,NA,NA,NA,NA,NA,NA,NA,NA,NA,NA,NA,NA,NA,NA,NA,NA,NA,NA,NA,NA,NA,70.2,549.6,0.2
"Robinson-Ni0.5-pH7-d0-Buffer","BUF","RR","0.5","7",0,2.3,6.99,434.13,-0.16,NA,NA,NA,NA,NA,NA,NA,NA,NA,NA,NA,NA,NA,NA,NA,NA,NA,NA,NA,NA,NA,70.2,51.96,0
"Robinson-Ni2-pH7-d0-Buffer","BUF","RR","2","7",0,2.3,7.03,1513.38,-0.25,NA,NA,NA,NA,NA,NA,NA,NA,NA,NA,NA,NA,NA,NA,NA,NA,NA,NA,NA,NA,NA,70.2,226.8,0.6
"Robinson-Ni5-pH7-d0-Buffer","BUF","RR","5","7",0,2.3,7.01,3955.41,-0.16,NA,NA,NA,NA,NA,NA,NA,NA,NA,NA,NA,NA,NA,NA,NA,NA,NA,NA,NA,NA,NA,70.2,549.6,1.1
"Robinson-Ni0.5-pH9-d0-Buffer","BUF","RR","0.5","9",0,2.3,9.05,455.1,-0.02,NA,NA,NA,NA,NA,NA,NA,NA,NA,NA,NA,NA,NA,NA,NA,NA,NA,NA,NA,NA,NA,70.2,51.96,0
"Robinson-Ni2-pH9-d0-Buffer","BUF","RR","2","9",0,2.3,9.06,1773.96,0,NA,NA,NA,NA,NA,NA,NA,NA,NA,NA,NA,NA,NA,NA,NA,NA,NA,NA,NA,NA,NA,70.2,226.8,0.2
"Robinson-Ni5-pH9-d0-Buffer","BUF","RR","5","9",0,2.3,9.05,4428.58,-0.02,NA,NA,NA,NA,NA,NA,NA,NA,NA,NA,NA,NA,NA,NA,NA,NA,NA,NA,NA,NA,NA,70.2,549.6,0.3
"Robinson-Ni0.5-pH5-d1-Buffer","BUF","RR","0.5","5",1,25.3,5.01,558.57,-0.1,NA,NA,NA,NA,NA,NA,NA,NA,NA,NA,NA,NA,NA,NA,NA,NA,NA,NA,NA,NA,NA,70.2,51.96,-0.2
"Robinson-Ni2-pH5-d1-Buffer","BUF","RR","2","5",1,25.3,5.01,1217.16,-0.11,NA,NA,NA,NA,NA,NA,NA,NA,NA,NA,NA,NA,NA,NA,NA,NA,NA,NA,NA,NA,NA,70.2,226.8,1.2
"Robinson-Ni5-pH5-d1-Buffer","BUF","RR","5","5",1,25.3,5.01,5069.36,-0.15,NA,NA,NA,NA,NA,NA,NA,NA,NA,NA,NA,NA,NA,NA,NA,NA,NA,NA,NA,NA,NA,70.2,549.6,-0.8
"Robinson-Ni0.5-pH7-d1-Buffer","BUF","RR","0.5","7",1,25.3,6.99,432.5,-0.06,NA,NA,NA,NA,NA,NA,NA,NA,NA,NA,NA,NA,NA,NA,NA,NA,NA,NA,NA,NA,NA,70.2,51.96,0
"Robinson-Ni2-pH7-d1-Buffer","BUF","RR","2","7",1,25.3,7,1518.82,-0.19,NA,NA,NA,NA,NA,NA,NA,NA,NA,NA,NA,NA,NA,NA,NA,NA,NA,NA,NA,NA,NA,70.2,226.8,0.6
"Robinson-Ni5-pH7-d1-Buffer","BUF","RR","5","7",1,25.3,6.99,3832.77,-0.12,NA,NA,NA,NA,NA,NA,NA,NA,NA,NA,NA,NA,NA,NA,NA,NA,NA,NA,NA,NA,NA,70.2,549.6,1.3
"Robinson-Ni0.5-pH9-d1-Buffer","BUF","RR","0.5","9",1,25.3,9.04,443.49,-0.04,NA,NA,NA,NA,NA,NA,NA,NA,NA,NA,NA,NA,NA,NA,NA,NA,NA,NA,NA,NA,NA,70.2,51.96,0
"Robinson-Ni2-pH9-d1-Buffer","BUF","RR","2","9",1,25.3,9.06,1644.08,-0.06,NA,NA,NA,NA,NA,NA,NA,NA,NA,NA,NA,NA,NA,NA,NA,NA,NA,NA,NA,NA,NA,70.2,226.8,0.4
"Robinson-Ni5-pH9-d1-Buffer","BUF","RR","5","9",1,25.3,9.05,4086.06,-0.02,NA,NA,NA,NA,NA,NA,NA,NA,NA,NA,NA,NA,NA,NA,NA,NA,NA,NA,NA,NA,NA,70.2,549.6,0.8
"Robinson-Ni0.5-pH5-d4-Buffer","BUF","RR","0.5","5",4,97.8,5.03,452.58,-0.14,NA,NA,NA,NA,NA,NA,NA,NA,NA,NA,NA,NA,NA,NA,NA,NA,NA,NA,NA,NA,NA,70.2,51.96,0
"Robinson-Ni2-pH5-d4-Buffer","BUF","RR","2","5",4,97.8,5.02,1825.77,-0.15,NA,NA,NA,NA,NA,NA,NA,NA,NA,NA,NA,NA,NA,NA,NA,NA,NA,NA,NA,NA,NA,70.2,226.8,0.1
"Robinson-Ni5-pH5-d4-Buffer","BUF","RR","5","5",4,97.8,5.03,5434.36,-0.14,NA,NA,NA,NA,NA,NA,NA,NA,NA,NA,NA,NA,NA,NA,NA,NA,NA,NA,NA,NA,NA,70.2,549.6,-1.5
"Robinson-Ni0.5-pH7-d4-Buffer","BUF","RR","0.5","7",4,97.8,7.01,415.92,-0.15,NA,NA,NA,NA,NA,NA,NA,NA,NA,NA,NA,NA,NA,NA,NA,NA,NA,NA,NA,NA,NA,70.2,51.96,0
"Robinson-Ni2-pH7-d4-Buffer","BUF","RR","2","7",4,97.8,7.01,1463.6,-0.17,NA,NA,NA,NA,NA,NA,NA,NA,NA,NA,NA,NA,NA,NA,NA,NA,NA,NA,NA,NA,NA,70.2,226.8,0.7
"Robinson-Ni5-pH7-d4-Buffer","BUF","RR","5","7",4,97.8,7.01,3670.46,-0.25,NA,NA,NA,NA,NA,NA,NA,NA,NA,NA,NA,NA,NA,NA,NA,NA,NA,NA,NA,NA,NA,70.2,549.6,1.6
"Robinson-Ni0.5-pH9-d4-Buffer","BUF","RR","0.5","9",4,97.8,9.02,397.64,-0.05,NA,NA,NA,NA,NA,NA,NA,NA,NA,NA,NA,NA,NA,NA,NA,NA,NA,NA,NA,NA,NA,70.2,51.96,0.1
"Robinson-Ni2-pH9-d4-Buffer","BUF","RR","2","9",4,97.8,9.03,1439.75,0.01,NA,NA,NA,NA,NA,NA,NA,NA,NA,NA,NA,NA,NA,NA,NA,NA,NA,NA,NA,NA,NA,70.2,226.8,0.8
"Robinson-Ni5-pH9-d4-Buffer","BUF","RR","5","9",4,97.8,9.03,3548.93,-0.02,NA,NA,NA,NA,NA,NA,NA,NA,NA,NA,NA,NA,NA,NA,NA,NA,NA,NA,NA,NA,NA,70.2,549.6,1.8
"Robinson-Ni0.5-pH5-d7-Buffer","BUF","RR","0.5","5",7,171.8,5.02,506.48,-0.14,NA,NA,NA,NA,NA,NA,NA,NA,NA,NA,NA,NA,NA,NA,NA,NA,NA,NA,NA,NA,NA,70.2,51.96,-0.1
"Robinson-Ni2-pH5-d7-Buffer","BUF","RR","2","5",7,171.8,5.02,1940.32,-0.13,NA,NA,NA,NA,NA,NA,NA,NA,NA,NA,NA,NA,NA,NA,NA,NA,NA,NA,NA,NA,NA,70.2,226.8,-0.1
"Robinson-Ni5-pH5-d7-Buffer","BUF","RR","5","5",7,171.8,5.02,4607.47,-0.11,NA,NA,NA,NA,NA,NA,NA,NA,NA,NA,NA,NA,NA,NA,NA,NA,NA,NA,NA,NA,NA,70.2,549.6,0
"Robinson-Ni0.5-pH7-d7-Buffer","BUF","RR","0.5","7",7,171.8,6.99,428.16,-0.2,NA,NA,NA,NA,NA,NA,NA,NA,NA,NA,NA,NA,NA,NA,NA,NA,NA,NA,NA,NA,NA,70.2,51.96,0
"Robinson-Ni2-pH7-d7-Buffer","BUF","RR","2","7",7,171.8,7,1488.03,-0.2,NA,NA,NA,NA,NA,NA,NA,NA,NA,NA,NA,NA,NA,NA,NA,NA,NA,NA,NA,NA,NA,70.2,226.8,0.7
"Robinson-Ni5-pH7-d7-Buffer","BUF","RR","5","7",7,171.8,6.99,3872.77,-0.23,NA,NA,NA,NA,NA,NA,NA,NA,NA,NA,NA,NA,NA,NA,NA,NA,NA,NA,NA,NA,NA,70.2,549.6,1.2
"Robinson-Ni0.5-pH9-d7-Buffer","BUF","RR","0.5","9",7,171.8,9,303.58,-0.03,NA,NA,NA,NA,NA,NA,NA,NA,NA,NA,NA,NA,NA,NA,NA,NA,NA,NA,NA,NA,NA,70.2,51.96,0.2
"Robinson-Ni2-pH9-d7-Buffer","BUF","RR","2","9",7,171.8,9.03,1256.35,-0.07,NA,NA,NA,NA,NA,NA,NA,NA,NA,NA,NA,NA,NA,NA,NA,NA,NA,NA,NA,NA,NA,70.2,226.8,1.1
"Robinson-Ni5-pH9-d7-Buffer","BUF","RR","5","9",7,171.8,9.04,3065.53,-0.06,NA,NA,NA,NA,NA,NA,NA,NA,NA,NA,NA,NA,NA,NA,NA,NA,NA,NA,NA,NA,NA,70.2,549.6,2.6
"Robinson-Ni0.5-pH5-d14-Buffer","BUF","RR","0.5","5",14,339.8,5.01,438.04,0.07,NA,NA,NA,NA,NA,NA,NA,NA,NA,NA,NA,NA,NA,NA,NA,NA,NA,NA,NA,NA,NA,70.2,51.96,0
"Robinson-Ni2-pH5-d14-Buffer","BUF","RR","2","5",14,339.8,5.01,1720.6,0.11,NA,NA,NA,NA,NA,NA,NA,NA,NA,NA,NA,NA,NA,NA,NA,NA,NA,NA,NA,NA,NA,70.2,226.8,0.3
"Robinson-Ni5-pH5-d14-Buffer","BUF","RR","5","5",14,339.8,5.01,4328.83,0.1,NA,NA,NA,NA,NA,NA,NA,NA,NA,NA,NA,NA,NA,NA,NA,NA,NA,NA,NA,NA,NA,70.2,549.6,0.4
"Robinson-Ni0.5-pH7-d14-Buffer","BUF","RR","0.5","7",14,339.8,6.99,422.85,0.04,NA,NA,NA,NA,NA,NA,NA,NA,NA,NA,NA,NA,NA,NA,NA,NA,NA,NA,NA,NA,NA,70.2,51.96,0
"Robinson-Ni2-pH7-d14-Buffer","BUF","RR","2","7",14,339.8,7,1489.75,0.04,NA,NA,NA,NA,NA,NA,NA,NA,NA,NA,NA,NA,NA,NA,NA,NA,NA,NA,NA,NA,NA,70.2,226.8,0.7
"Robinson-Ni5-pH7-d14-Buffer","BUF","RR","5","7",14,339.8,6.99,3762.32,0,NA,NA,NA,NA,NA,NA,NA,NA,NA,NA,NA,NA,NA,NA,NA,NA,NA,NA,NA,NA,NA,70.2,549.6,1.4
"Robinson-Ni0.5-pH9-d14-Buffer","BUF","RR","0.5","9",14,339.8,9.01,175.51,0.17,NA,NA,NA,NA,NA,NA,NA,NA,NA,NA,NA,NA,NA,NA,NA,NA,NA,NA,NA,NA,NA,70.2,51.96,0.4
"Robinson-Ni2-pH9-d14-Buffer","BUF","RR","2","9",14,339.8,9.03,813.16,0.09,NA,NA,NA,NA,NA,NA,NA,NA,NA,NA,NA,NA,NA,NA,NA,NA,NA,NA,NA,NA,NA,70.2,226.8,1.8
"Robinson-Ni5-pH9-d14-Buffer","BUF","RR","5","9",14,339.8,9.02,1549.5,0.12,NA,NA,NA,NA,NA,NA,NA,NA,NA,NA,NA,NA,NA,NA,NA,NA,NA,NA,NA,NA,NA,70.2,549.6,5.2
"Robinson-Ni0.5-pH5-d28-Buffer","BUF","RR","0.5","5",28,676,5.1,420.19,0.02,NA,NA,NA,NA,NA,NA,NA,NA,NA,NA,NA,NA,NA,NA,NA,NA,NA,NA,NA,NA,NA,70.2,51.96,0
"Robinson-Ni2-pH5-d28-Buffer","BUF","RR","2","5",28,676,5.09,1651.6,0.01,NA,NA,NA,NA,NA,NA,NA,NA,NA,NA,NA,NA,NA,NA,NA,NA,NA,NA,NA,NA,NA,70.2,226.8,0.4
"Robinson-Ni5-pH5-d28-Buffer","BUF","RR","5","5",28,676,5.08,4122.01,0.01,NA,NA,NA,NA,NA,NA,NA,NA,NA,NA,NA,NA,NA,NA,NA,NA,NA,NA,NA,NA,NA,70.2,549.6,0.8
"Robinson-Ni0.5-pH7-d28-Buffer","BUF","RR","0.5","7",28,676,7.05,389.31,-0.07,NA,NA,NA,NA,NA,NA,NA,NA,NA,NA,NA,NA,NA,NA,NA,NA,NA,NA,NA,NA,NA,70.2,51.96,0.1
"Robinson-Ni2-pH7-d28-Buffer","BUF","RR","2","7",28,676,7.05,1427.74,-0.07,NA,NA,NA,NA,NA,NA,NA,NA,NA,NA,NA,NA,NA,NA,NA,NA,NA,NA,NA,NA,NA,70.2,226.8,0.8
"Robinson-Ni5-pH7-d28-Buffer","BUF","RR","5","7",28,676,7.05,3634.87,-0.07,NA,NA,NA,NA,NA,NA,NA,NA,NA,NA,NA,NA,NA,NA,NA,NA,NA,NA,NA,NA,NA,70.2,549.6,1.6
"Robinson-Ni0.5-pH9-d28-Buffer","BUF","RR","0.5","9",28,676,8.88,75.14,0.01,NA,NA,NA,NA,NA,NA,NA,NA,NA,NA,NA,NA,NA,NA,NA,NA,NA,NA,NA,NA,NA,70.2,51.96,0.6
"Robinson-Ni2-pH9-d28-Buffer","BUF","RR","2","9",28,676,8.9,242.99,0.01,NA,NA,NA,NA,NA,NA,NA,NA,NA,NA,NA,NA,NA,NA,NA,NA,NA,NA,NA,NA,NA,70.2,226.8,2.8
"Robinson-Ni5-pH9-d28-Buffer","BUF","RR","5","9",28,676,8.9,254.53,0.01,NA,NA,NA,NA,NA,NA,NA,NA,NA,NA,NA,NA,NA,NA,NA,NA,NA,NA,NA,NA,NA,70.2,549.6,7.4
